caseId,taskCount,density,timelineSpan,dependencyCount,scenario,runIndex,warmup,affectedTaskId,applyToInteractiveMs,axis,collapseMs,collapsedRows,commitToPaintMs,datasetGenerationMs,dependencyCount,dependencyElements,displayCappedFps,dom.dependencyElements,dom.mountedCells,dom.mountedRowElements,dom.taskBars,dom.totalNodes,dom.uniqueMountedRows,droppedFrames,durationMs,expandMs,expandedRows,frameCount,frameTimeMedianMs,frameTimeP95Ms,heapAfterInteractionMedianBytes,heapAfterInteractionSamplesBytes,heapInitialMedianBytes,heapInitialSamplesBytes,latencyMs,longTaskCount,longTaskMaxMs,longTaskTotalMs,mountedCells,mountedRowElements,mutationAfterPointerDownMs,navigationToInteractiveMs,previewMs,rawFps,taskBars,taskCount,totalNodes,uniqueMountedRows,visibleTaskId
100-sparse,100,sparse,quarter,50,initial,0,true,,152.69999999552965,,,,,1.2999999970197678,50,,,16,42,40,20,829,20,,,,,,,,,,,,,,,,,,,466.1000000014901,,,,100,,,benchmark-task-2
100-sparse,100,sparse,quarter,50,vertical,0,true,,,vertical,,,,,50,,60,,,,,,,0,1200,,,144,8.3,8.4,,,,,,0,0,0,,,,,,120,,100,,,
100-sparse,100,sparse,twenty-year,50,horizontal,0,true,,,horizontal,,,,,50,,60,,,,,,,0,1200,,,145,8.3,9.1,,,,,,1,55,55,,,,,,120.83,,100,,,
100-sparse,100,sparse,quarter,50,move,0,true,,,,,,46.8,,50,,,,,,,,,,,,,,,,,,,,,,,,,,79.4,,77.9,,,100,,,
100-sparse,100,sparse,quarter,50,resize,0,true,,,,,,38.4,,50,,,,,,,,,,,,,,,,,,,,,,,,,,79.2,,77.8,,,100,,,
100-sparse,100,sparse,quarter,50,dependency,0,true,benchmark-task-3,,,,,,,50,,,,,,,,,,,,,,,,,,,,26.3,,,,,,,,,,,100,,,
100-sparse,100,sparse,quarter,50,hierarchy,0,true,,,,16.3,4,,,50,,,,,,,,,,,17.4,100,,,,,,,,,,,,,,,,,,,100,,,
100-sparse,100,sparse,quarter,50,memory-dom,0,true,,,,,,,,50,0,,,,,,,,,,,,,,,18164103,"[18150743,18158243,18164103,18164491,18164707]",17215414,"[17212878,17215242,17215414,17215586,17215758]",,,,,42,40,,,,,20,100,787,20,
100-sparse,100,sparse,quarter,50,initial,1,false,,171.5,,,,,1.2999999970197678,50,,,16,42,40,20,829,20,,,,,,,,,,,,,,,,,,,337.5,,,,100,,,benchmark-task-2
100-sparse,100,sparse,quarter,50,vertical,1,false,,,vertical,,,,,50,,60,,,,,,,1,1200,,,143,8.3,8.7,,,,,,1,53,53,,,,,,119.17,,100,,,
100-sparse,100,sparse,twenty-year,50,horizontal,1,false,,,horizontal,,,,,50,,60,,,,,,,0,1200,,,145,8.3,8.5,,,,,,2,57,107,,,,,,120.83,,100,,,
100-sparse,100,sparse,quarter,50,move,1,false,,,,,,46.2,,50,,,,,,,,,,,,,,,,,,,,,,,,,,71.1,,69.4,,,100,,,
100-sparse,100,sparse,quarter,50,resize,1,false,,,,,,38.9,,50,,,,,,,,,,,,,,,,,,,,,,,,,,70.8,,69.4,,,100,,,
100-sparse,100,sparse,quarter,50,dependency,1,false,benchmark-task-3,,,,,,,50,,,,,,,,,,,,,,,,,,,,27.8,,,,,,,,,,,100,,,
100-sparse,100,sparse,quarter,50,hierarchy,1,false,,,,14.9,4,,,50,,,,,,,,,,,17.7,100,,,,,,,,,,,,,,,,,,,100,,,
100-sparse,100,sparse,quarter,50,memory-dom,1,false,,,,,,,,50,0,,,,,,,,,,,,,,,18157183,"[18149991,18151323,18157183,18157571,18157943]",17215446,"[17212910,17215274,17215446,17215618,17215790]",,,,,42,40,,,,,20,100,787,20,
100-sparse,100,sparse,quarter,50,initial,2,false,,155.5,,,,,1.2999999970197678,50,,,16,42,40,20,829,20,,,,,,,,,,,,,,,,,,,311.29999999701977,,,,100,,,benchmark-task-2
100-sparse,100,sparse,quarter,50,vertical,2,false,,,vertical,,,,,50,,60,,,,,,,0,1200,,,144,8.3,8.4,,,,,,1,51,51,,,,,,120,,100,,,
100-sparse,100,sparse,twenty-year,50,horizontal,2,false,,,horizontal,,,,,50,,60,,,,,,,0,1200,,,145,8.3,9.1,,,,,,1,52,52,,,,,,120.83,,100,,,
100-sparse,100,sparse,quarter,50,move,2,false,,,,,,38.6,,50,,,,,,,,,,,,,,,,,,,,,,,,,,79.3,,77.7,,,100,,,
100-sparse,100,sparse,quarter,50,resize,2,false,,,,,,30.7,,50,,,,,,,,,,,,,,,,,,,,,,,,,,70.3,,68.9,,,100,,,
100-sparse,100,sparse,quarter,50,dependency,2,false,benchmark-task-3,,,,,,,50,,,,,,,,,,,,,,,,,,,,29.8,,,,,,,,,,,100,,,
100-sparse,100,sparse,quarter,50,hierarchy,2,false,,,,15.8,4,,,50,,,,,,,,,,,17.8,100,,,,,,,,,,,,,,,,,,,100,,,
100-sparse,100,sparse,quarter,50,memory-dom,2,false,,,,,,,,50,0,,,,,,,,,,,,,,,18162491,"[18149131,18156631,18162491,18162879,18163251]",17215410,"[17212874,17215238,17215410,17215582,17215754]",,,,,42,40,,,,,20,100,787,20,
100-sparse,100,sparse,quarter,50,initial,3,false,,158.70000000298023,,,,,1.2000000029802322,50,,,16,42,40,20,829,20,,,,,,,,,,,,,,,,,,,309.3999999985099,,,,100,,,benchmark-task-2
100-sparse,100,sparse,quarter,50,vertical,3,false,,,vertical,,,,,50,,60,,,,,,,0,1200,,,144,8.3,8.4,,,,,,0,0,0,,,,,,120,,100,,,
100-sparse,100,sparse,twenty-year,50,horizontal,3,false,,,horizontal,,,,,50,,60,,,,,,,0,1200,,,145,8.3,8.8,,,,,,1,53,53,,,,,,120.83,,100,,,
100-sparse,100,sparse,quarter,50,move,3,false,,,,,,42.5,,50,,,,,,,,,,,,,,,,,,,,,,,,,,66.8,,64.8,,,100,,,
100-sparse,100,sparse,quarter,50,resize,3,false,,,,,,38.9,,50,,,,,,,,,,,,,,,,,,,,,,,,,,70.7,,69.2,,,100,,,
100-sparse,100,sparse,quarter,50,dependency,3,false,benchmark-task-3,,,,,,,50,,,,,,,,,,,,,,,,,,,,29.5,,,,,,,,,,,100,,,
100-sparse,100,sparse,quarter,50,hierarchy,3,false,,,,16.1,4,,,50,,,,,,,,,,,17.5,100,,,,,,,,,,,,,,,,,,,100,,,
100-sparse,100,sparse,quarter,50,memory-dom,3,false,,,,,,,,50,0,,,,,,,,,,,,,,,18159635,"[18152443,18153775,18159635,18160023,18160395]",17215510,"[17212974,17215338,17215510,17215682,17215854]",,,,,42,40,,,,,20,100,787,20,
100-sparse,100,sparse,quarter,50,initial,4,false,,149.5,,,,,1.1000000014901161,50,,,16,42,40,20,829,20,,,,,,,,,,,,,,,,,,,300.19999999552965,,,,100,,,benchmark-task-2
100-sparse,100,sparse,quarter,50,vertical,4,false,,,vertical,,,,,50,,60,,,,,,,0,1200,,,145,8.3,8.9,,,,,,1,51,51,,,,,,120.83,,100,,,
100-sparse,100,sparse,twenty-year,50,horizontal,4,false,,,horizontal,,,,,50,,60,,,,,,,0,1200,,,145,8.3,9.1,,,,,,1,55,55,,,,,,120.83,,100,,,
100-sparse,100,sparse,quarter,50,move,4,false,,,,,,38.6,,50,,,,,,,,,,,,,,,,,,,,,,,,,,70.9,,69.3,,,100,,,
100-sparse,100,sparse,quarter,50,resize,4,false,,,,,,39.1,,50,,,,,,,,,,,,,,,,,,,,,,,,,,70,,68.7,,,100,,,
100-sparse,100,sparse,quarter,50,dependency,4,false,benchmark-task-3,,,,,,,50,,,,,,,,,,,,,,,,,,,,29.9,,,,,,,,,,,100,,,
100-sparse,100,sparse,quarter,50,hierarchy,4,false,,,,16.1,4,,,50,,,,,,,,,,,17.5,100,,,,,,,,,,,,,,,,,,,100,,,
100-sparse,100,sparse,quarter,50,memory-dom,4,false,,,,,,,,50,0,,,,,,,,,,,,,,,18160427,"[18153235,18154567,18160427,18160815,18161187]",17215746,"[17213210,17215574,17215746,17215918,17216090]",,,,,42,40,,,,,20,100,787,20,
100-sparse,100,sparse,quarter,50,initial,5,false,,155.10000000149012,,,,,1.4000000059604645,50,,,16,42,40,20,829,20,,,,,,,,,,,,,,,,,,,305.6000000014901,,,,100,,,benchmark-task-2
100-sparse,100,sparse,quarter,50,vertical,5,false,,,vertical,,,,,50,,60,,,,,,,0,1200,,,145,8.3,8.4,,,,,,1,51,51,,,,,,120.83,,100,,,
100-sparse,100,sparse,twenty-year,50,horizontal,5,false,,,horizontal,,,,,50,,60,,,,,,,0,1200,,,145,8.3,9.1,,,,,,1,54,54,,,,,,120.83,,100,,,
100-sparse,100,sparse,quarter,50,move,5,false,,,,,,38.8,,50,,,,,,,,,,,,,,,,,,,,,,,,,,79.5,,77.7,,,100,,,
100-sparse,100,sparse,quarter,50,resize,5,false,,,,,,38.9,,50,,,,,,,,,,,,,,,,,,,,,,,,,,70.3,,68.7,,,100,,,
100-sparse,100,sparse,quarter,50,dependency,5,false,benchmark-task-3,,,,,,,50,,,,,,,,,,,,,,,,,,,,29.8,,,,,,,,,,,100,,,
100-sparse,100,sparse,quarter,50,hierarchy,5,false,,,,16.1,4,,,50,,,,,,,,,,,17.6,100,,,,,,,,,,,,,,,,,,,100,,,
100-sparse,100,sparse,quarter,50,memory-dom,5,false,,,,,,,,50,0,,,,,,,,,,,,,,,18163431,"[18156239,18157571,18163431,18163819,18164191]",17215698,"[17213162,17215526,17215698,17215870,17216042]",,,,,42,40,,,,,20,100,787,20,
100-normal,100,normal,quarter,198,initial,0,true,,161.69999999552965,,,,,1.2999999970197678,198,,,41,42,40,20,904,20,,,,,,,,,,,,,,,,,,,331.29999999701977,,,,100,,,benchmark-task-2
100-normal,100,normal,quarter,198,vertical,0,true,,,vertical,,,,,198,,60,,,,,,,0,1200,,,145,8.3,8.7,,,,,,1,51,51,,,,,,120.83,,100,,,
100-normal,100,normal,twenty-year,198,horizontal,0,true,,,horizontal,,,,,198,,60,,,,,,,0,1200,,,145,8.3,9.1,,,,,,1,56,56,,,,,,120.83,,100,,,
100-normal,100,normal,quarter,198,move,0,true,,,,,,47.3,,198,,,,,,,,,,,,,,,,,,,,,,,,,,78.9,,77.4,,,100,,,
100-normal,100,normal,quarter,198,resize,0,true,,,,,,37.8,,198,,,,,,,,,,,,,,,,,,,,,,,,,,71.4,,70,,,100,,,
100-normal,100,normal,quarter,198,dependency,0,true,benchmark-task-3,,,,,,,198,,,,,,,,,,,,,,,,,,,,29.1,,,,,,,,,,,100,,,
100-normal,100,normal,quarter,198,hierarchy,0,true,,,,15.7,4,,,198,,,,,,,,,,,20.7,100,,,,,,,,,,,,,,,,,,,100,,,
100-normal,100,normal,quarter,198,memory-dom,0,true,,,,,,,,198,0,,,,,,,,,,,,,,,18306069,"[18298877,18300209,18306069,18306457,18306829]",17357345,"[17354809,17357173,17357345,17357517,17357689]",,,,,42,40,,,,,20,100,787,20,
100-normal,100,normal,quarter,198,initial,1,false,,164.69999999552965,,,,,1.2999999970197678,198,,,41,42,40,20,904,20,,,,,,,,,,,,,,,,,,,317.69999999552965,,,,100,,,benchmark-task-2
100-normal,100,normal,quarter,198,vertical,1,false,,,vertical,,,,,198,,60,,,,,,,0,1200,,,145,8.3,8.6,,,,,,2,56,107,,,,,,120.83,,100,,,
100-normal,100,normal,twenty-year,198,horizontal,1,false,,,horizontal,,,,,198,,60,,,,,,,0,1200,,,145,8.3,9,,,,,,1,55,55,,,,,,120.83,,100,,,
100-normal,100,normal,quarter,198,move,1,false,,,,,,44.4,,198,,,,,,,,,,,,,,,,,,,,,,,,,,73.7,,71.5,,,100,,,
100-normal,100,normal,quarter,198,resize,1,false,,,,,,38.2,,198,,,,,,,,,,,,,,,,,,,,,,,,,,79.5,,78.4,,,100,,,
100-normal,100,normal,quarter,198,dependency,1,false,benchmark-task-3,,,,,,,198,,,,,,,,,,,,,,,,,,,,29.7,,,,,,,,,,,100,,,
100-normal,100,normal,quarter,198,hierarchy,1,false,,,,16.1,4,,,198,,,,,,,,,,,18.8,100,,,,,,,,,,,,,,,,,,,100,,,
100-normal,100,normal,quarter,198,memory-dom,1,false,,,,,,,,198,0,,,,,,,,,,,,,,,18306101,"[18298909,18300241,18306101,18306489,18306861]",17357409,"[17354873,17357237,17357409,17357581,17357753]",,,,,42,40,,,,,20,100,787,20,
100-normal,100,normal,quarter,198,initial,2,false,,160.29999999701977,,,,,1.3000000044703484,198,,,41,42,40,20,904,20,,,,,,,,,,,,,,,,,,,312.69999999552965,,,,100,,,benchmark-task-2
100-normal,100,normal,quarter,198,vertical,2,false,,,vertical,,,,,198,,60,,,,,,,0,1200,,,145,8.3,8.4,,,,,,1,53,53,,,,,,120.83,,100,,,
100-normal,100,normal,twenty-year,198,horizontal,2,false,,,horizontal,,,,,198,,60,,,,,,,0,1200,,,145,8.3,8.9,,,,,,1,55,55,,,,,,120.83,,100,,,
100-normal,100,normal,quarter,198,move,2,false,,,,,,45,,198,,,,,,,,,,,,,,,,,,,,,,,,,,73,,71.3,,,100,,,
100-normal,100,normal,quarter,198,resize,2,false,,,,,,38.2,,198,,,,,,,,,,,,,,,,,,,,,,,,,,62.8,,61.7,,,100,,,
100-normal,100,normal,quarter,198,dependency,2,false,benchmark-task-3,,,,,,,198,,,,,,,,,,,,,,,,,,,,29.9,,,,,,,,,,,100,,,
100-normal,100,normal,quarter,198,hierarchy,2,false,,,,15,4,,,198,,,,,,,,,,,19.4,100,,,,,,,,,,,,,,,,,,,100,,,
100-normal,100,normal,quarter,198,memory-dom,2,false,,,,,,,,198,0,,,,,,,,,,,,,,,18306130,"[18298938,18300270,18306130,18306518,18306890]",17357409,"[17354873,17357237,17357409,17357581,17357753]",,,,,42,40,,,,,20,100,787,20,
100-normal,100,normal,quarter,198,initial,3,false,,165.30000000447035,,,,,1.3999999985098839,198,,,41,42,40,20,904,20,,,,,,,,,,,,,,,,,,,317.1000000014901,,,,100,,,benchmark-task-2
100-normal,100,normal,quarter,198,vertical,3,false,,,vertical,,,,,198,,60,,,,,,,0,1200,,,145,8.3,8.5,,,,,,1,52,52,,,,,,120.83,,100,,,
100-normal,100,normal,twenty-year,198,horizontal,3,false,,,horizontal,,,,,198,,60,,,,,,,0,1200,,,145,8.3,9.2,,,,,,1,54,54,,,,,,120.83,,100,,,
100-normal,100,normal,quarter,198,move,3,false,,,,,,47.1,,198,,,,,,,,,,,,,,,,,,,,,,,,,,71.8,,70.4,,,100,,,
100-normal,100,normal,quarter,198,resize,3,false,,,,,,38.6,,198,,,,,,,,,,,,,,,,,,,,,,,,,,78.5,,77.5,,,100,,,
100-normal,100,normal,quarter,198,dependency,3,false,benchmark-task-3,,,,,,,198,,,,,,,,,,,,,,,,,,,,29.7,,,,,,,,,,,100,,,
100-normal,100,normal,quarter,198,hierarchy,3,false,,,,15.2,4,,,198,,,,,,,,,,,19.7,100,,,,,,,,,,,,,,,,,,,100,,,
100-normal,100,normal,quarter,198,memory-dom,3,false,,,,,,,,198,0,,,,,,,,,,,,,,,18304357,"[18297165,18298497,18304357,18304745,18305117]",17357337,"[17354801,17357165,17357337,17357509,17357681]",,,,,42,40,,,,,20,100,787,20,
100-normal,100,normal,quarter,198,initial,4,false,,160.70000000298023,,,,,1.3999999985098839,198,,,41,42,40,20,904,20,,,,,,,,,,,,,,,,,,,312.8999999985099,,,,100,,,benchmark-task-2
100-normal,100,normal,quarter,198,vertical,4,false,,,vertical,,,,,198,,60,,,,,,,0,1200,,,145,8.4,8.9,,,,,,1,53,53,,,,,,120.83,,100,,,
100-normal,100,normal,twenty-year,198,horizontal,4,false,,,horizontal,,,,,198,,60,,,,,,,0,1200,,,145,8.3,8.9,,,,,,2,55,105,,,,,,120.83,,100,,,
100-normal,100,normal,quarter,198,move,4,false,,,,,,46,,198,,,,,,,,,,,,,,,,,,,,,,,,,,71.6,,70.1,,,100,,,
100-normal,100,normal,quarter,198,resize,4,false,,,,,,43.5,,198,,,,,,,,,,,,,,,,,,,,,,,,,,83.9,,81.1,,,100,,,
100-normal,100,normal,quarter,198,dependency,4,false,benchmark-task-3,,,,,,,198,,,,,,,,,,,,,,,,,,,,29.6,,,,,,,,,,,100,,,
100-normal,100,normal,quarter,198,hierarchy,4,false,,,,15.7,4,,,198,,,,,,,,,,,19.5,100,,,,,,,,,,,,,,,,,,,100,,,
100-normal,100,normal,quarter,198,memory-dom,4,false,,,,,,,,198,0,,,,,,,,,,,,,,,18304350,"[18297158,18298490,18304350,18304738,18304954]",17357349,"[17354813,17357177,17357349,17357521,17357693]",,,,,42,40,,,,,20,100,787,20,
100-normal,100,normal,quarter,198,initial,5,false,,159,,,,,1.4000000059604645,198,,,41,42,40,20,904,20,,,,,,,,,,,,,,,,,,,312.1000000014901,,,,100,,,benchmark-task-2
100-normal,100,normal,quarter,198,vertical,5,false,,,vertical,,,,,198,,60,,,,,,,0,1200,,,145,8.3,8.5,,,,,,1,53,53,,,,,,120.83,,100,,,
100-normal,100,normal,twenty-year,198,horizontal,5,false,,,horizontal,,,,,198,,60,,,,,,,0,1200,,,145,8.3,9,,,,,,1,55,55,,,,,,120.83,,100,,,
100-normal,100,normal,quarter,198,move,5,false,,,,,,46.7,,198,,,,,,,,,,,,,,,,,,,,,,,,,,79.4,,78,,,100,,,
100-normal,100,normal,quarter,198,resize,5,false,,,,,,38.3,,198,,,,,,,,,,,,,,,,,,,,,,,,,,71.1,,69.9,,,100,,,
100-normal,100,normal,quarter,198,dependency,5,false,benchmark-task-3,,,,,,,198,,,,,,,,,,,,,,,,,,,,29.6,,,,,,,,,,,100,,,
100-normal,100,normal,quarter,198,hierarchy,5,false,,,,15.3,4,,,198,,,,,,,,,,,18.9,100,,,,,,,,,,,,,,,,,,,100,,,
100-normal,100,normal,quarter,198,memory-dom,5,false,,,,,,,,198,0,,,,,,,,,,,,,,,18307218,"[18300026,18301358,18307218,18307606,18307978]",17380953,"[17378417,17380781,17380953,17381125,17381297]",,,,,42,40,,,,,20,100,787,20,
100-high,100,high,quarter,400,initial,0,true,,161.60000000149012,,,,,1.3999999985098839,400,,,80,42,40,20,1021,20,,,,,,,,,,,,,,,,,,,313.8999999985099,,,,100,,,benchmark-task-2
100-high,100,high,quarter,400,vertical,0,true,,,vertical,,,,,400,,60,,,,,,,0,1200,,,145,8.3,8.7,,,,,,1,53,53,,,,,,120.83,,100,,,
100-high,100,high,twenty-year,400,horizontal,0,true,,,horizontal,,,,,400,,60,,,,,,,0,1200,,,145,8.3,8.4,,,,,,1,57,57,,,,,,120.83,,100,,,
100-high,100,high,quarter,400,move,0,true,,,,,,45.8,,400,,,,,,,,,,,,,,,,,,,,,,,,,,80,,78.7,,,100,,,
100-high,100,high,quarter,400,resize,0,true,,,,,,46.2,,400,,,,,,,,,,,,,,,,,,,,,,,,,,79.8,,78.6,,,100,,,
100-high,100,high,quarter,400,dependency,0,true,benchmark-task-3,,,,,,,400,,,,,,,,,,,,,,,,,,,,29.7,,,,,,,,,,,100,,,
100-high,100,high,quarter,400,hierarchy,0,true,,,,16.3,4,,,400,,,,,,,,,,,20.6,100,,,,,,,,,,,,,,,,,,,100,,,
100-high,100,high,quarter,400,memory-dom,0,true,,,,,,,,400,0,,,,,,,,,,,,,,,18504204,"[18490844,18498344,18504204,18504592,18504964]",17588549,"[17586013,17588377,17588549,17588721,17588893]",,,,,42,40,,,,,20,100,787,20,
100-high,100,high,quarter,400,initial,1,false,,201.60000000149012,,,,,1.1999999955296516,400,,,80,42,40,20,1021,20,,,,,,,,,,,,,,,,,,,362,,,,100,,,benchmark-task-2
100-high,100,high,quarter,400,vertical,1,false,,,vertical,,,,,400,,60,,,,,,,0,1200,,,145,8.3,9.2,,,,,,2,57,110,,,,,,120.83,,100,,,
100-high,100,high,twenty-year,400,horizontal,1,false,,,horizontal,,,,,400,,60,,,,,,,0,1200,,,145,8.3,9,,,,,,2,60,110,,,,,,120.83,,100,,,
100-high,100,high,quarter,400,move,1,false,,,,,,49.4,,400,,,,,,,,,,,,,,,,,,,,,,,,,,85,,82.9,,,100,,,
100-high,100,high,quarter,400,resize,1,false,,,,,,51.7,,400,,,,,,,,,,,,,,,,,,,,,,,,,,82.5,,81.1,,,100,,,
100-high,100,high,quarter,400,dependency,1,false,benchmark-task-3,,,,,,,400,,,,,,,,,,,,,,,,,,,,29.5,,,,,,,,,,,100,,,
100-high,100,high,quarter,400,hierarchy,1,false,,,,14.7,4,,,400,,,,,,,,,,,19.5,100,,,,,,,,,,,,,,,,,,,100,,,
100-high,100,high,quarter,400,memory-dom,1,false,,,,,,,,400,0,,,,,,,,,,,,,,,18503672,"[18496480,18497812,18503672,18504060,18504432]",17588585,"[17586049,17588413,17588585,17588757,17588929]",,,,,42,40,,,,,20,100,787,20,
100-high,100,high,quarter,400,initial,2,false,,167.89999999850988,,,,,1.3000000044703484,400,,,80,42,40,20,1021,20,,,,,,,,,,,,,,,,,,,339.79999999701977,,,,100,,,benchmark-task-2
100-high,100,high,quarter,400,vertical,2,false,,,vertical,,,,,400,,60,,,,,,,1,1200,,,140,8.3,9.2,,,,,,1,58,58,,,,,,116.67,,100,,,
100-high,100,high,twenty-year,400,horizontal,2,false,,,horizontal,,,,,400,,60,,,,,,,0,1200,,,145,8.3,8.9,,,,,,2,62,113,,,,,,120.83,,100,,,
100-high,100,high,quarter,400,move,2,false,,,,,,45,,400,,,,,,,,,,,,,,,,,,,,,,,,,,73,,71.5,,,100,,,
100-high,100,high,quarter,400,resize,2,false,,,,,,55,,400,,,,,,,,,,,,,,,,,,,,,,,,,,79.2,,77.9,,,100,,,
100-high,100,high,quarter,400,dependency,2,false,benchmark-task-3,,,,,,,400,,,,,,,,,,,,,,,,,,,,29.6,,,,,,,,,,,100,,,
100-high,100,high,quarter,400,hierarchy,2,false,,,,16.4,4,,,400,,,,,,,,,,,21,100,,,,,,,,,,,,,,,,,,,100,,,
100-high,100,high,quarter,400,memory-dom,2,false,,,,,,,,400,0,,,,,,,,,,,,,,,18490765,"[18483573,18484905,18490765,18491153,18491525]",17550605,"[17548069,17550433,17550605,17550777,17550949]",,,,,42,40,,,,,20,100,787,20,
100-high,100,high,quarter,400,initial,3,false,,172.79999999701977,,,,,1.5,400,,,80,42,40,20,1021,20,,,,,,,,,,,,,,,,,,,331.19999999552965,,,,100,,,benchmark-task-2
100-high,100,high,quarter,400,vertical,3,false,,,vertical,,,,,400,,60,,,,,,,0,1200,,,145,8.3,9,,,,,,1,55,55,,,,,,120.83,,100,,,
100-high,100,high,twenty-year,400,horizontal,3,false,,,horizontal,,,,,400,,60,,,,,,,0,1200,,,145,8.3,9.2,,,,,,2,61,112,,,,,,120.83,,100,,,
100-high,100,high,quarter,400,move,3,false,,,,,,46.4,,400,,,,,,,,,,,,,,,,,,,,,,,,,,87.3,,85.4,,,100,,,
100-high,100,high,quarter,400,resize,3,false,,,,,,51.1,,400,,,,,,,,,,,,,,,,,,,,,,,,,,92.6,,89.2,,,100,,,
100-high,100,high,quarter,400,dependency,3,false,benchmark-task-3,,,,,,,400,,,,,,,,,,,,,,,,,,,,29.5,,,,,,,,,,,100,,,
100-high,100,high,quarter,400,hierarchy,3,false,,,,14.6,4,,,400,,,,,,,,,,,28.8,100,,,,,,,,,,,,,,,,,,,100,,,
100-high,100,high,quarter,400,memory-dom,3,false,,,,,,,,400,0,,,,,,,,,,,,,,,18480996,"[18473804,18475136,18480996,18481384,18481756]",17550437,"[17547901,17550265,17550437,17550609,17550781]",,,,,42,40,,,,,20,100,787,20,
100-high,100,high,quarter,400,initial,4,false,,174,,,,,1.2999999970197678,400,,,80,42,40,20,1021,20,,,,,,,,,,,,,,,,,,,342.79999999701977,,,,100,,,benchmark-task-2
100-high,100,high,quarter,400,vertical,4,false,,,vertical,,,,,400,,60,,,,,,,0,1200,,,145,8.3,9.1,,,,,,2,59,110,,,,,,120.83,,100,,,
100-high,100,high,twenty-year,400,horizontal,4,false,,,horizontal,,,,,400,,60,,,,,,,0,1200,,,145,8.3,9.3,,,,,,2,61,112,,,,,,120.83,,100,,,
100-high,100,high,quarter,400,move,4,false,,,,,,45,,400,,,,,,,,,,,,,,,,,,,,,,,,,,90.2,,88.7,,,100,,,
100-high,100,high,quarter,400,resize,4,false,,,,,,51.4,,400,,,,,,,,,,,,,,,,,,,,,,,,,,84,,80.4,,,100,,,
100-high,100,high,quarter,400,dependency,4,false,benchmark-task-3,,,,,,,400,,,,,,,,,,,,,,,,,,,,25.9,,,,,,,,,,,100,,,
100-high,100,high,quarter,400,hierarchy,4,false,,,,16.2,4,,,400,,,,,,,,,,,19.8,100,,,,,,,,,,,,,,,,,,,100,,,
100-high,100,high,quarter,400,memory-dom,4,false,,,,,,,,400,0,,,,,,,,,,,,,,,18470317,"[18463125,18464457,18470317,18470705,18471077]",17549793,"[17547257,17549621,17549793,17549965,17550137]",,,,,42,40,,,,,20,100,787,20,
100-high,100,high,quarter,400,initial,5,false,,162.59999999403954,,,,,1.5,400,,,80,42,40,20,1021,20,,,,,,,,,,,,,,,,,,,320.3999999985099,,,,100,,,benchmark-task-2
100-high,100,high,quarter,400,vertical,5,false,,,vertical,,,,,400,,60,,,,,,,0,1200,,,145,8.3,9.1,,,,,,1,54,54,,,,,,120.83,,100,,,
100-high,100,high,twenty-year,400,horizontal,5,false,,,horizontal,,,,,400,,60,,,,,,,0,1200,,,145,8.3,9.3,,,,,,2,61,112,,,,,,120.83,,100,,,
100-high,100,high,quarter,400,move,5,false,,,,,,50.5,,400,,,,,,,,,,,,,,,,,,,,,,,,,,82,,79.9,,,100,,,
100-high,100,high,quarter,400,resize,5,false,,,,,,54.9,,400,,,,,,,,,,,,,,,,,,,,,,,,,,80.8,,79.7,,,100,,,
100-high,100,high,quarter,400,dependency,5,false,benchmark-task-3,,,,,,,400,,,,,,,,,,,,,,,,,,,,29.4,,,,,,,,,,,100,,,
100-high,100,high,quarter,400,hierarchy,5,false,,,,16.4,4,,,400,,,,,,,,,,,19.7,100,,,,,,,,,,,,,,,,,,,100,,,
100-high,100,high,quarter,400,memory-dom,5,false,,,,,,,,400,0,,,,,,,,,,,,,,,18471593,"[18464649,18465733,18471593,18471981,18472353]",17550665,"[17548129,17550493,17550665,17550837,17551009]",,,,,42,40,,,,,20,100,787,20,
1000-sparse,1000,sparse,quarter,500,initial,0,true,,186.70000000298023,,,,,9.099999994039536,500,,,16,42,40,20,829,20,,,,,,,,,,,,,,,,,,,344.6000000014901,,,,1000,,,benchmark-task-2
1000-sparse,1000,sparse,quarter,500,vertical,0,true,,,vertical,,,,,500,,60,,,,,,,0,1200,,,145,8.3,9.2,,,,,,2,87,146,,,,,,120.83,,1000,,,
1000-sparse,1000,sparse,twenty-year,500,horizontal,0,true,,,horizontal,,,,,500,,60,,,,,,,0,1200,,,145,8.3,8.7,,,,,,2,88,146,,,,,,120.83,,1000,,,
1000-sparse,1000,sparse,quarter,500,move,0,true,,,,,,80.2,,500,,,,,,,,,,,,,,,,,,,,,,,,,,79.9,,78.4,,,1000,,,
1000-sparse,1000,sparse,quarter,500,resize,0,true,,,,,,70.7,,500,,,,,,,,,,,,,,,,,,,,,,,,,,79.9,,78.7,,,1000,,,
1000-sparse,1000,sparse,quarter,500,dependency,0,true,benchmark-task-3,,,,,,,500,,,,,,,,,,,,,,,,,,,,45.9,,,,,,,,,,,1000,,,
1000-sparse,1000,sparse,quarter,500,hierarchy,0,true,,,,16,40,,,500,,,,,,,,,,,19,1000,,,,,,,,,,,,,,,,,,,1000,,,
1000-sparse,1000,sparse,quarter,500,memory-dom,0,true,,,,,,,,500,0,,,,,,,,,,,,,,,20196903,"[20189711,20191043,20196903,20197291,20197507]",18554579,"[18552043,18554407,18554579,18554751,18554923]",,,,,42,40,,,,,20,1000,787,20,
1000-sparse,1000,sparse,quarter,500,initial,1,false,,203,,,,,9.199999995529652,500,,,16,42,40,20,829,20,,,,,,,,,,,,,,,,,,,362.59999999403954,,,,1000,,,benchmark-task-2
1000-sparse,1000,sparse,quarter,500,vertical,1,false,,,vertical,,,,,500,,60,,,,,,,0,1200,,,145,8.3,9.1,,,,,,2,84,140,,,,,,120.83,,1000,,,
1000-sparse,1000,sparse,twenty-year,500,horizontal,1,false,,,horizontal,,,,,500,,60,,,,,,,0,1200,,,145,8.3,8.8,,,,,,2,88,144,,,,,,120.83,,1000,,,
1000-sparse,1000,sparse,quarter,500,move,1,false,,,,,,81.7,,500,,,,,,,,,,,,,,,,,,,,,,,,,,70.8,,69.5,,,1000,,,
1000-sparse,1000,sparse,quarter,500,resize,1,false,,,,,,71,,500,,,,,,,,,,,,,,,,,,,,,,,,,,71.9,,70.8,,,1000,,,
1000-sparse,1000,sparse,quarter,500,dependency,1,false,benchmark-task-3,,,,,,,500,,,,,,,,,,,,,,,,,,,,51.9,,,,,,,,,,,1000,,,
1000-sparse,1000,sparse,quarter,500,hierarchy,1,false,,,,15.1,40,,,500,,,,,,,,,,,17.3,1000,,,,,,,,,,,,,,,,,,,1000,,,
1000-sparse,1000,sparse,quarter,500,memory-dom,1,false,,,,,,,,500,0,,,,,,,,,,,,,,,20204193,"[20197001,20198333,20204193,20204581,20204797]",18552035,"[18549499,18551863,18552035,18552207,18552379]",,,,,42,40,,,,,20,1000,787,20,
1000-sparse,1000,sparse,quarter,500,initial,2,false,,196.79999999701977,,,,,9.399999998509884,500,,,16,42,40,20,829,20,,,,,,,,,,,,,,,,,,,358.79999999701977,,,,1000,,,benchmark-task-2
1000-sparse,1000,sparse,quarter,500,vertical,2,false,,,vertical,,,,,500,,60,,,,,,,0,1200,,,144,8.3,8.6,,,,,,2,86,141,,,,,,120,,1000,,,
1000-sparse,1000,sparse,twenty-year,500,horizontal,2,false,,,horizontal,,,,,500,,60,,,,,,,0,1200,,,145,8.3,8.6,,,,,,2,88,144,,,,,,120.83,,1000,,,
1000-sparse,1000,sparse,quarter,500,move,2,false,,,,,,74.9,,500,,,,,,,,,,,,,,,,,,,,,,,,,,68.1,,66.6,,,1000,,,
1000-sparse,1000,sparse,quarter,500,resize,2,false,,,,,,70.6,,500,,,,,,,,,,,,,,,,,,,,,,,,,,71.9,,70.8,,,1000,,,
1000-sparse,1000,sparse,quarter,500,dependency,2,false,benchmark-task-3,,,,,,,500,,,,,,,,,,,,,,,,,,,,54.9,,,,,,,,,,,1000,,,
1000-sparse,1000,sparse,quarter,500,hierarchy,2,false,,,,15.8,40,,,500,,,,,,,,,,,18.7,1000,,,,,,,,,,,,,,,,,,,1000,,,
1000-sparse,1000,sparse,quarter,500,memory-dom,2,false,,,,,,,,500,0,,,,,,,,,,,,,,,20215931,"[20208739,20210071,20215931,20216319,20216535]",18543367,"[18540831,18543195,18543367,18543539,18543711]",,,,,42,40,,,,,20,1000,787,20,
1000-sparse,1000,sparse,quarter,500,initial,3,false,,197.39999999850988,,,,,9.399999998509884,500,,,16,42,40,20,829,20,,,,,,,,,,,,,,,,,,,374.1000000014901,,,,1000,,,benchmark-task-2
1000-sparse,1000,sparse,quarter,500,vertical,3,false,,,vertical,,,,,500,,60,,,,,,,0,1200,,,145,8.3,9.2,,,,,,2,86,142,,,,,,120.83,,1000,,,
1000-sparse,1000,sparse,twenty-year,500,horizontal,3,false,,,horizontal,,,,,500,,60,,,,,,,0,1200,,,145,8.3,9.2,,,,,,2,91,148,,,,,,120.83,,1000,,,
1000-sparse,1000,sparse,quarter,500,move,3,false,,,,,,80.1,,500,,,,,,,,,,,,,,,,,,,,,,,,,,78.7,,77.5,,,1000,,,
1000-sparse,1000,sparse,quarter,500,resize,3,false,,,,,,76.3,,500,,,,,,,,,,,,,,,,,,,,,,,,,,101,,98.9,,,1000,,,
1000-sparse,1000,sparse,quarter,500,dependency,3,false,benchmark-task-3,,,,,,,500,,,,,,,,,,,,,,,,,,,,54.8,,,,,,,,,,,1000,,,
1000-sparse,1000,sparse,quarter,500,hierarchy,3,false,,,,16.7,40,,,500,,,,,,,,,,,18.9,1000,,,,,,,,,,,,,,,,,,,1000,,,
1000-sparse,1000,sparse,quarter,500,memory-dom,3,false,,,,,,,,500,0,,,,,,,,,,,,,,,20215621,"[20208429,20209761,20215621,20216009,20216225]",18554611,"[18552075,18554439,18554611,18554783,18554955]",,,,,42,40,,,,,20,1000,787,20,
1000-sparse,1000,sparse,quarter,500,initial,4,false,,198.20000000298023,,,,,9.599999994039536,500,,,16,42,40,20,829,20,,,,,,,,,,,,,,,,,,,365.80000000447035,,,,1000,,,benchmark-task-2
1000-sparse,1000,sparse,quarter,500,vertical,4,false,,,vertical,,,,,500,,60,,,,,,,0,1200,,,145,8.3,9.2,,,,,,2,88,145,,,,,,120.83,,1000,,,
1000-sparse,1000,sparse,twenty-year,500,horizontal,4,false,,,horizontal,,,,,500,,60,,,,,,,0,1200,,,145,8.3,9.1,,,,,,2,88,144,,,,,,120.83,,1000,,,
1000-sparse,1000,sparse,quarter,500,move,4,false,,,,,,81.4,,500,,,,,,,,,,,,,,,,,,,,,,,,,,79.4,,78.1,,,1000,,,
1000-sparse,1000,sparse,quarter,500,resize,4,false,,,,,,72.5,,500,,,,,,,,,,,,,,,,,,,,,,,,,,94.5,,91.8,,,1000,,,
1000-sparse,1000,sparse,quarter,500,dependency,4,false,benchmark-task-3,,,,,,,500,,,,,,,,,,,,,,,,,,,,54.4,,,,,,,,,,,1000,,,
1000-sparse,1000,sparse,quarter,500,hierarchy,4,false,,,,16.9,40,,,500,,,,,,,,,,,19.4,1000,,,,,,,,,,,,,,,,,,,1000,,,
1000-sparse,1000,sparse,quarter,500,memory-dom,4,false,,,,,,,,500,0,,,,,,,,,,,,,,,20216752,"[20209560,20210892,20216752,20217140,20217356]",18553967,"[18551431,18553795,18553967,18554139,18554311]",,,,,42,40,,,,,20,1000,787,20,
1000-sparse,1000,sparse,quarter,500,initial,5,false,,197.60000000149012,,,,,9.800000004470348,500,,,16,42,40,20,829,20,,,,,,,,,,,,,,,,,,,361.6000000014901,,,,1000,,,benchmark-task-2
1000-sparse,1000,sparse,quarter,500,vertical,5,false,,,vertical,,,,,500,,60,,,,,,,0,1200,,,144,8.3,9.2,,,,,,2,89,148,,,,,,120,,1000,,,
1000-sparse,1000,sparse,twenty-year,500,horizontal,5,false,,,horizontal,,,,,500,,60,,,,,,,0,1200,,,145,8.3,9.1,,,,,,2,91,149,,,,,,120.83,,1000,,,
1000-sparse,1000,sparse,quarter,500,move,5,false,,,,,,88.9,,500,,,,,,,,,,,,,,,,,,,,,,,,,,88.6,,86.9,,,1000,,,
1000-sparse,1000,sparse,quarter,500,resize,5,false,,,,,,77.6,,500,,,,,,,,,,,,,,,,,,,,,,,,,,97.7,,96.5,,,1000,,,
1000-sparse,1000,sparse,quarter,500,dependency,5,false,benchmark-task-3,,,,,,,500,,,,,,,,,,,,,,,,,,,,53.4,,,,,,,,,,,1000,,,
1000-sparse,1000,sparse,quarter,500,hierarchy,5,false,,,,17.9,40,,,500,,,,,,,,,,,17.4,1000,,,,,,,,,,,,,,,,,,,1000,,,
1000-sparse,1000,sparse,quarter,500,memory-dom,5,false,,,,,,,,500,0,,,,,,,,,,,,,,,20204748,"[20197556,20198888,20204748,20205136,20205352]",18554011,"[18551475,18553839,18554011,18554183,18554355]",,,,,42,40,,,,,20,1000,787,20,
1000-normal,1000,normal,quarter,1980,initial,0,true,,1379.7999999970198,,,,,9.299999997019768,1980,,,48,42,40,20,925,20,,,,,,,,,,,,,,,,,,,1562.6000000014901,,,,1000,,,benchmark-task-2
1000-normal,1000,normal,quarter,1980,vertical,0,true,,,vertical,,,,,1980,,60,,,,,,,1,1200,,,145,8.1,8.9,,,,,,2,100,160,,,,,,120.83,,1000,,,
1000-normal,1000,normal,twenty-year,1980,horizontal,0,true,,,horizontal,,,,,1980,,60,,,,,,,0,1200,,,145,8.3,8.8,,,,,,2,108,166,,,,,,120.83,,1000,,,
1000-normal,1000,normal,quarter,1980,move,0,true,,,,,,93.7,,1980,,,,,,,,,,,,,,,,,,,,,,,,,,81,,79.4,,,1000,,,
1000-normal,1000,normal,quarter,1980,resize,0,true,,,,,,81.9,,1980,,,,,,,,,,,,,,,,,,,,,,,,,,85.4,,84.2,,,1000,,,
1000-normal,1000,normal,quarter,1980,dependency,0,true,benchmark-task-3,,,,,,,1980,,,,,,,,,,,,,,,,,,,,62.2,,,,,,,,,,,1000,,,
1000-normal,1000,normal,quarter,1980,hierarchy,0,true,,,,16.3,40,,,1980,,,,,,,,,,,20.3,1000,,,,,,,,,,,,,,,,,,,1000,,,
1000-normal,1000,normal,quarter,1980,memory-dom,0,true,,,,,,,,1980,0,,,,,,,,,,,,,,,20944210,"[20937018,20938350,20944210,20944598,20944814]",19276651,"[19274115,19276479,19276651,19276823,19276995]",,,,,42,40,,,,,20,1000,789,20,
1000-normal,1000,normal,quarter,1980,initial,1,false,,218.5,,,,,9.200000002980232,1980,,,48,42,40,20,925,20,,,,,,,,,,,,,,,,,,,402.8999999985099,,,,1000,,,benchmark-task-2
1000-normal,1000,normal,quarter,1980,vertical,1,false,,,vertical,,,,,1980,,60,,,,,,,0,1200,,,144,8.3,9.2,,,,,,2,97,154,,,,,,120,,1000,,,
1000-normal,1000,normal,twenty-year,1980,horizontal,1,false,,,horizontal,,,,,1980,,60,,,,,,,2,1200,,,142,8.2,9.1,,,,,,2,107,165,,,,,,118.33,,1000,,,
1000-normal,1000,normal,quarter,1980,move,1,false,,,,,,90.6,,1980,,,,,,,,,,,,,,,,,,,,,,,,,,89.8,,87.8,,,1000,,,
1000-normal,1000,normal,quarter,1980,resize,1,false,,,,,,85.2,,1980,,,,,,,,,,,,,,,,,,,,,,,,,,82.7,,80.9,,,1000,,,
1000-normal,1000,normal,quarter,1980,dependency,1,false,benchmark-task-3,,,,,,,1980,,,,,,,,,,,,,,,,,,,,55,,,,,,,,,,,1000,,,
1000-normal,1000,normal,quarter,1980,hierarchy,1,false,,,,16.7,40,,,1980,,,,,,,,,,,19.2,1000,,,,,,,,,,,,,,,,,,,1000,,,
1000-normal,1000,normal,quarter,1980,memory-dom,1,false,,,,,,,,1980,0,,,,,,,,,,,,,,,20928826,"[20921634,20922966,20928826,20929214,20929430]",19275291,"[19272755,19275119,19275291,19275463,19275635]",,,,,42,40,,,,,20,1000,789,20,
1000-normal,1000,normal,quarter,1980,initial,2,false,,208.90000000596046,,,,,9.399999998509884,1980,,,48,42,40,20,925,20,,,,,,,,,,,,,,,,,,,368.30000000447035,,,,1000,,,benchmark-task-2
1000-normal,1000,normal,quarter,1980,vertical,2,false,,,vertical,,,,,1980,,60,,,,,,,0,1200,,,145,8.3,8.4,,,,,,2,92,148,,,,,,120.83,,1000,,,
1000-normal,1000,normal,twenty-year,1980,horizontal,2,false,,,horizontal,,,,,1980,,60,,,,,,,0,1200,,,145,8.3,8.4,,,,,,2,97,153,,,,,,120.83,,1000,,,
1000-normal,1000,normal,quarter,1980,move,2,false,,,,,,86.7,,1980,,,,,,,,,,,,,,,,,,,,,,,,,,81,,79.6,,,1000,,,
1000-normal,1000,normal,quarter,1980,resize,2,false,,,,,,88.1,,1980,,,,,,,,,,,,,,,,,,,,,,,,,,82,,79.4,,,1000,,,
1000-normal,1000,normal,quarter,1980,dependency,2,false,benchmark-task-3,,,,,,,1980,,,,,,,,,,,,,,,,,,,,54.8,,,,,,,,,,,1000,,,
1000-normal,1000,normal,quarter,1980,hierarchy,2,false,,,,16.4,40,,,1980,,,,,,,,,,,19.7,1000,,,,,,,,,,,,,,,,,,,1000,,,
1000-normal,1000,normal,quarter,1980,memory-dom,2,false,,,,,,,,1980,0,,,,,,,,,,,,,,,20919654,"[20912462,20913794,20919654,20920042,20920258]",19274215,"[19271679,19274043,19274215,19274387,19274559]",,,,,42,40,,,,,20,1000,789,20,
1000-normal,1000,normal,quarter,1980,initial,3,false,,203,,,,,9.399999998509884,1980,,,48,42,40,20,925,20,,,,,,,,,,,,,,,,,,,359.59999999403954,,,,1000,,,benchmark-task-2
1000-normal,1000,normal,quarter,1980,vertical,3,false,,,vertical,,,,,1980,,60,,,,,,,0,1200,,,145,8.3,8.4,,,,,,2,95,151,,,,,,120.83,,1000,,,
1000-normal,1000,normal,twenty-year,1980,horizontal,3,false,,,horizontal,,,,,1980,,60,,,,,,,0,1200,,,145,8.3,8.4,,,,,,2,96,152,,,,,,120.83,,1000,,,
1000-normal,1000,normal,quarter,1980,move,3,false,,,,,,86.1,,1980,,,,,,,,,,,,,,,,,,,,,,,,,,73.3,,71.8,,,1000,,,
1000-normal,1000,normal,quarter,1980,resize,3,false,,,,,,84.1,,1980,,,,,,,,,,,,,,,,,,,,,,,,,,83.3,,81.4,,,1000,,,
1000-normal,1000,normal,quarter,1980,dependency,3,false,benchmark-task-3,,,,,,,1980,,,,,,,,,,,,,,,,,,,,54.7,,,,,,,,,,,1000,,,
1000-normal,1000,normal,quarter,1980,hierarchy,3,false,,,,16.6,40,,,1980,,,,,,,,,,,20.5,1000,,,,,,,,,,,,,,,,,,,1000,,,
1000-normal,1000,normal,quarter,1980,memory-dom,3,false,,,,,,,,1980,0,,,,,,,,,,,,,,,20932558,"[20925366,20926698,20932558,20932946,20933162]",19274415,"[19271879,19274243,19274415,19274587,19274759]",,,,,42,40,,,,,20,1000,789,20,
1000-normal,1000,normal,quarter,1980,initial,4,false,,208.20000000298023,,,,,9.199999995529652,1980,,,48,42,40,20,925,20,,,,,,,,,,,,,,,,,,,370.79999999701977,,,,1000,,,benchmark-task-2
1000-normal,1000,normal,quarter,1980,vertical,4,false,,,vertical,,,,,1980,,60,,,,,,,0,1200,,,144,8.3,9,,,,,,2,102,160,,,,,,120,,1000,,,
1000-normal,1000,normal,twenty-year,1980,horizontal,4,false,,,horizontal,,,,,1980,,60,,,,,,,0,1200,,,145,8.3,8.9,,,,,,2,106,164,,,,,,120.83,,1000,,,
1000-normal,1000,normal,quarter,1980,move,4,false,,,,,,91.4,,1980,,,,,,,,,,,,,,,,,,,,,,,,,,83.3,,81.9,,,1000,,,
1000-normal,1000,normal,quarter,1980,resize,4,false,,,,,,84.1,,1980,,,,,,,,,,,,,,,,,,,,,,,,,,83.7,,81.8,,,1000,,,
1000-normal,1000,normal,quarter,1980,dependency,4,false,benchmark-task-3,,,,,,,1980,,,,,,,,,,,,,,,,,,,,60.5,,,,,,,,,,,1000,,,
1000-normal,1000,normal,quarter,1980,hierarchy,4,false,,,,23.8,40,,,1980,,,,,,,,,,,19.5,1000,,,,,,,,,,,,,,,,,,,1000,,,
1000-normal,1000,normal,quarter,1980,memory-dom,4,false,,,,,,,,1980,0,,,,,,,,,,,,,,,20949837,"[20942645,20943977,20949837,20950225,20950441]",19274643,"[19272107,19274471,19274643,19274815,19274987]",,,,,42,40,,,,,20,1000,789,20,
1000-normal,1000,normal,quarter,1980,initial,5,false,,204.60000000149012,,,,,9.199999995529652,1980,,,48,42,40,20,925,20,,,,,,,,,,,,,,,,,,,363.70000000298023,,,,1000,,,benchmark-task-2
1000-normal,1000,normal,quarter,1980,vertical,5,false,,,vertical,,,,,1980,,60,,,,,,,0,1200,,,143,8.3,9.3,,,,,,2,95,154,,,,,,119.17,,1000,,,
1000-normal,1000,normal,twenty-year,1980,horizontal,5,false,,,horizontal,,,,,1980,,60,,,,,,,0,1200,,,146,8.3,9.1,,,,,,2,97,153,,,,,,121.67,,1000,,,
1000-normal,1000,normal,quarter,1980,move,5,false,,,,,,92.5,,1980,,,,,,,,,,,,,,,,,,,,,,,,,,84.6,,82,,,1000,,,
1000-normal,1000,normal,quarter,1980,resize,5,false,,,,,,76.7,,1980,,,,,,,,,,,,,,,,,,,,,,,,,,82.1,,80.8,,,1000,,,
1000-normal,1000,normal,quarter,1980,dependency,5,false,benchmark-task-3,,,,,,,1980,,,,,,,,,,,,,,,,,,,,54.2,,,,,,,,,,,1000,,,
1000-normal,1000,normal,quarter,1980,hierarchy,5,false,,,,17.1,40,,,1980,,,,,,,,,,,21,1000,,,,,,,,,,,,,,,,,,,1000,,,
1000-normal,1000,normal,quarter,1980,memory-dom,5,false,,,,,,,,1980,0,,,,,,,,,,,,,,,20894458,"[20887266,20888598,20894458,20894846,20895062]",19274439,"[19271903,19274267,19274439,19274611,19274783]",,,,,42,40,,,,,20,1000,789,20,
1000-high,1000,high,quarter,4000,initial,0,true,,237.60000000149012,,,,,10.300000004470348,4000,,,80,42,40,20,1021,20,,,,,,,,,,,,,,,,,,,438.69999999552965,,,,1000,,,benchmark-task-2
1000-high,1000,high,quarter,4000,vertical,0,true,,,vertical,,,,,4000,,60,,,,,,,0,1200,,,142,8.3,9.2,,,,,,2,118,174,,,,,,118.33,,1000,,,
1000-high,1000,high,twenty-year,4000,horizontal,0,true,,,horizontal,,,,,4000,,60,,,,,,,0,1200,,,145,8.3,9.1,,,,,,2,107,163,,,,,,120.83,,1000,,,
1000-high,1000,high,quarter,4000,move,0,true,,,,,,108.2,,4000,,,,,,,,,,,,,,,,,,,,,,,,,,84.9,,83.3,,,1000,,,
1000-high,1000,high,quarter,4000,resize,0,true,,,,,,115.6,,4000,,,,,,,,,,,,,,,,,,,,,,,,,,93.4,,92.4,,,1000,,,
1000-high,1000,high,quarter,4000,dependency,0,true,benchmark-task-3,,,,,,,4000,,,,,,,,,,,,,,,,,,,,87.6,,,,,,,,,,,1000,,,
1000-high,1000,high,quarter,4000,hierarchy,0,true,,,,18.2,40,,,4000,,,,,,,,,,,24.2,1000,,,,,,,,,,,,,,,,,,,1000,,,
1000-high,1000,high,quarter,4000,memory-dom,0,true,,,,,,,,4000,0,,,,,,,,,,,,,,,22255449,"[22248505,22249589,22255449,22255837,22256053]",20231875,"[20229339,20231703,20231875,20232047,20232219]",,,,,42,40,,,,,20,1000,787,20,
1000-high,1000,high,quarter,4000,initial,1,false,,364.8999999985099,,,,,10.400000005960464,4000,,,80,42,40,20,1021,20,,,,,,,,,,,,,,,,,,,550.8000000044703,,,,1000,,,benchmark-task-2
1000-high,1000,high,quarter,4000,vertical,1,false,,,vertical,,,,,4000,,60,,,,,,,0,1200,,,141,8.3,9.2,,,,,,2,128,190,,,,,,117.5,,1000,,,
1000-high,1000,high,twenty-year,4000,horizontal,1,false,,,horizontal,,,,,4000,,60,,,,,,,0,1200,,,145,8.3,9.1,,,,,,2,117,175,,,,,,120.83,,1000,,,
1000-high,1000,high,quarter,4000,move,1,false,,,,,,123.1,,4000,,,,,,,,,,,,,,,,,,,,,,,,,,95.6,,94,,,1000,,,
1000-high,1000,high,quarter,4000,resize,1,false,,,,,,119.3,,4000,,,,,,,,,,,,,,,,,,,,,,,,,,97.7,,96,,,1000,,,
1000-high,1000,high,quarter,4000,dependency,1,false,benchmark-task-3,,,,,,,4000,,,,,,,,,,,,,,,,,,,,80,,,,,,,,,,,1000,,,
1000-high,1000,high,quarter,4000,hierarchy,1,false,,,,22.8,40,,,4000,,,,,,,,,,,24,1000,,,,,,,,,,,,,,,,,,,1000,,,
1000-high,1000,high,quarter,4000,memory-dom,1,false,,,,,,,,4000,0,,,,,,,,,,,,,,,22236802,"[22229610,22230942,22236802,22237190,22237406]",20232851,"[20230315,20232679,20232851,20233023,20233195]",,,,,42,40,,,,,20,1000,787,20,
1000-high,1000,high,quarter,4000,initial,2,false,,234.10000000149012,,,,,9.899999998509884,4000,,,80,42,40,20,1021,20,,,,,,,,,,,,,,,,,,,403.19999999552965,,,,1000,,,benchmark-task-2
1000-high,1000,high,quarter,4000,vertical,2,false,,,vertical,,,,,4000,,60,,,,,,,1,1200,,,140,8.3,9.3,,,,,,2,118,175,,,,,,116.67,,1000,,,
1000-high,1000,high,twenty-year,4000,horizontal,2,false,,,horizontal,,,,,4000,,60,,,,,,,0,1200,,,145,8.3,8.9,,,,,,2,106,161,,,,,,120.83,,1000,,,
1000-high,1000,high,quarter,4000,move,2,false,,,,,,107.3,,4000,,,,,,,,,,,,,,,,,,,,,,,,,,93.9,,92.5,,,1000,,,
1000-high,1000,high,quarter,4000,resize,2,false,,,,,,127.6,,4000,,,,,,,,,,,,,,,,,,,,,,,,,,99.8,,96.8,,,1000,,,
1000-high,1000,high,quarter,4000,dependency,2,false,benchmark-task-3,,,,,,,4000,,,,,,,,,,,,,,,,,,,,79.5,,,,,,,,,,,1000,,,
1000-high,1000,high,quarter,4000,hierarchy,2,false,,,,16.1,40,,,4000,,,,,,,,,,,22.8,1000,,,,,,,,,,,,,,,,,,,1000,,,
1000-high,1000,high,quarter,4000,memory-dom,2,false,,,,,,,,4000,0,,,,,,,,,,,,,,,22254614,"[22247422,22248754,22254614,22255002,22255218]",20231503,"[20228967,20231331,20231503,20231675,20231847]",,,,,42,40,,,,,20,1000,787,20,
1000-high,1000,high,quarter,4000,initial,3,false,,243.19999999552965,,,,,9.5,4000,,,80,42,40,20,1021,20,,,,,,,,,,,,,,,,,,,411.59999999403954,,,,1000,,,benchmark-task-2
1000-high,1000,high,quarter,4000,vertical,3,false,,,vertical,,,,,4000,,60,,,,,,,0,1200,,,144,8.3,9.2,,,,,,2,120,178,,,,,,120,,1000,,,
1000-high,1000,high,twenty-year,4000,horizontal,3,false,,,horizontal,,,,,4000,,60,,,,,,,0,1200,,,145,8.3,9.1,,,,,,2,108,163,,,,,,120.83,,1000,,,
1000-high,1000,high,quarter,4000,move,3,false,,,,,,107.9,,4000,,,,,,,,,,,,,,,,,,,,,,,,,,85.5,,84.2,,,1000,,,
1000-high,1000,high,quarter,4000,resize,3,false,,,,,,115.2,,4000,,,,,,,,,,,,,,,,,,,,,,,,,,85.3,,84.2,,,1000,,,
1000-high,1000,high,quarter,4000,dependency,3,false,benchmark-task-3,,,,,,,4000,,,,,,,,,,,,,,,,,,,,79.9,,,,,,,,,,,1000,,,
1000-high,1000,high,quarter,4000,hierarchy,3,false,,,,14.4,40,,,4000,,,,,,,,,,,22.1,1000,,,,,,,,,,,,,,,,,,,1000,,,
1000-high,1000,high,quarter,4000,memory-dom,3,false,,,,,,,,4000,0,,,,,,,,,,,,,,,22232502,"[22225310,22226642,22232502,22232890,22233106]",20232699,"[20230163,20232527,20232699,20232871,20233043]",,,,,42,40,,,,,20,1000,787,20,
1000-high,1000,high,quarter,4000,initial,4,false,,232.80000000447035,,,,,9.899999998509884,4000,,,80,42,40,20,1021,20,,,,,,,,,,,,,,,,,,,402,,,,1000,,,benchmark-task-2
1000-high,1000,high,quarter,4000,vertical,4,false,,,vertical,,,,,4000,,60,,,,,,,0,1200,,,143,8.3,8.6,,,,,,2,116,175,,,,,,119.17,,1000,,,
1000-high,1000,high,twenty-year,4000,horizontal,4,false,,,horizontal,,,,,4000,,60,,,,,,,0,1200,,,145,8.3,8.9,,,,,,2,106,161,,,,,,120.83,,1000,,,
1000-high,1000,high,quarter,4000,move,4,false,,,,,,120.9,,4000,,,,,,,,,,,,,,,,,,,,,,,,,,89.1,,87.3,,,1000,,,
1000-high,1000,high,quarter,4000,resize,4,false,,,,,,121.5,,4000,,,,,,,,,,,,,,,,,,,,,,,,,,96.3,,94.8,,,1000,,,
1000-high,1000,high,quarter,4000,dependency,4,false,benchmark-task-3,,,,,,,4000,,,,,,,,,,,,,,,,,,,,88.5,,,,,,,,,,,1000,,,
1000-high,1000,high,quarter,4000,hierarchy,4,false,,,,17.2,40,,,4000,,,,,,,,,,,22.4,1000,,,,,,,,,,,,,,,,,,,1000,,,
1000-high,1000,high,quarter,4000,memory-dom,4,false,,,,,,,,4000,0,,,,,,,,,,,,,,,22288899,"[22287375,22288707,22288899,22289287,22289503]",20225267,"[20222731,20225095,20225267,20225439,20225611]",,,,,42,40,,,,,20,1000,787,20,
1000-high,1000,high,quarter,4000,initial,5,false,,232.39999999850988,,,,,9.5,4000,,,80,42,40,20,1021,20,,,,,,,,,,,,,,,,,,,391.09999999403954,,,,1000,,,benchmark-task-2
1000-high,1000,high,quarter,4000,vertical,5,false,,,vertical,,,,,4000,,60,,,,,,,0,1200,,,144,8.3,8.9,,,,,,2,115,171,,,,,,120,,1000,,,
1000-high,1000,high,twenty-year,4000,horizontal,5,false,,,horizontal,,,,,4000,,60,,,,,,,0,1200,,,145,8.3,9,,,,,,2,105,160,,,,,,120.83,,1000,,,
1000-high,1000,high,quarter,4000,move,5,false,,,,,,114.8,,4000,,,,,,,,,,,,,,,,,,,,,,,,,,86.1,,84.8,,,1000,,,
1000-high,1000,high,quarter,4000,resize,5,false,,,,,,122.5,,4000,,,,,,,,,,,,,,,,,,,,,,,,,,95.8,,94.3,,,1000,,,
1000-high,1000,high,quarter,4000,dependency,5,false,benchmark-task-3,,,,,,,4000,,,,,,,,,,,,,,,,,,,,79.4,,,,,,,,,,,1000,,,
1000-high,1000,high,quarter,4000,hierarchy,5,false,,,,17.8,40,,,4000,,,,,,,,,,,23.5,1000,,,,,,,,,,,,,,,,,,,1000,,,
1000-high,1000,high,quarter,4000,memory-dom,5,false,,,,,,,,4000,0,,,,,,,,,,,,,,,22246037,"[22239093,22240177,22246037,22246425,22246641]",20232431,"[20229895,20232259,20232431,20232603,20232775]",,,,,42,40,,,,,20,1000,787,20,
5000-sparse,5000,sparse,quarter,2500,initial,0,true,,354.19999999552965,,,,,45.900000005960464,2500,,,16,42,40,20,829,20,,,,,,,,,,,,,,,,,,,549.6000000014901,,,,5000,,,benchmark-task-2
5000-sparse,5000,sparse,quarter,2500,vertical,0,true,,,vertical,,,,,2500,,60,,,,,,,0,1200,,,145,8.3,8.6,,,,,,2,226,318,,,,,,120.83,,5000,,,
5000-sparse,5000,sparse,twenty-year,2500,horizontal,0,true,,,horizontal,,,,,2500,,60,,,,,,,0,1200,,,145,8.3,9,,,,,,2,216,310,,,,,,120.83,,5000,,,
5000-sparse,5000,sparse,quarter,2500,move,0,true,,,,,,228.1,,2500,,,,,,,,,,,,,,,,,,,,,,,,,,81.8,,79.8,,,5000,,,
5000-sparse,5000,sparse,quarter,2500,resize,0,true,,,,,,227.5,,2500,,,,,,,,,,,,,,,,,,,,,,,,,,81.6,,80.4,,,5000,,,
5000-sparse,5000,sparse,quarter,2500,dependency,0,true,benchmark-task-3,,,,,,,2500,,,,,,,,,,,,,,,,,,,,194.5,,,,,,,,,,,5000,,,
5000-sparse,5000,sparse,quarter,2500,hierarchy,0,true,,,,15.9,200,,,2500,,,,,,,,,,,22,5000,,,,,,,,,,,,,,,,,,,5000,,,
5000-sparse,5000,sparse,quarter,2500,memory-dom,0,true,,,,,,,,2500,0,,,,,,,,,,,,,,,25740478,"[25733318,25734618,25740478,25740866,25741082]",24437647,"[24435111,24437475,24437647,24437819,24437991]",,,,,42,40,,,,,20,5000,787,20,
5000-sparse,5000,sparse,quarter,2500,initial,1,false,,357.30000000447035,,,,,44.600000001490116,2500,,,16,42,40,20,829,20,,,,,,,,,,,,,,,,,,,593.1000000014901,,,,5000,,,benchmark-task-2
5000-sparse,5000,sparse,quarter,2500,vertical,1,false,,,vertical,,,,,2500,,60,,,,,,,0,1200,,,141,8.3,9.2,,,,,,2,228,321,,,,,,117.5,,5000,,,
5000-sparse,5000,sparse,twenty-year,2500,horizontal,1,false,,,horizontal,,,,,2500,,60,,,,,,,0,1200,,,145,8.3,9,,,,,,2,225,316,,,,,,120.83,,5000,,,
5000-sparse,5000,sparse,quarter,2500,move,1,false,,,,,,231.8,,2500,,,,,,,,,,,,,,,,,,,,,,,,,,86.9,,84.7,,,5000,,,
5000-sparse,5000,sparse,quarter,2500,resize,1,false,,,,,,243.8,,2500,,,,,,,,,,,,,,,,,,,,,,,,,,82.7,,81,,,5000,,,
5000-sparse,5000,sparse,quarter,2500,dependency,1,false,benchmark-task-3,,,,,,,2500,,,,,,,,,,,,,,,,,,,,178,,,,,,,,,,,5000,,,
5000-sparse,5000,sparse,quarter,2500,hierarchy,1,false,,,,15.9,200,,,2500,,,,,,,,,,,21.4,5000,,,,,,,,,,,,,,,,,,,5000,,,
5000-sparse,5000,sparse,quarter,2500,memory-dom,1,false,,,,,,,,2500,0,,,,,,,,,,,,,,,25692259,"[25685099,25686399,25692259,25692647,25692863]",24438279,"[24435743,24438107,24438279,24438451,24438623]",,,,,42,40,,,,,20,5000,787,20,
5000-sparse,5000,sparse,quarter,2500,initial,2,false,,342.79999999701977,,,,,44.69999999552965,2500,,,16,42,40,20,829,20,,,,,,,,,,,,,,,,,,,553.0999999940395,,,,5000,,,benchmark-task-2
5000-sparse,5000,sparse,quarter,2500,vertical,2,false,,,vertical,,,,,2500,,60,,,,,,,0,1200,,,143,8.3,9.1,,,,,,2,226,320,,,,,,119.17,,5000,,,
5000-sparse,5000,sparse,twenty-year,2500,horizontal,2,false,,,horizontal,,,,,2500,,60,,,,,,,0,1200,,,148,8.3,9.1,,,,,,2,219,310,,,,,,123.33,,5000,,,
5000-sparse,5000,sparse,quarter,2500,move,2,false,,,,,,241.7,,2500,,,,,,,,,,,,,,,,,,,,,,,,,,85.2,,83.1,,,5000,,,
5000-sparse,5000,sparse,quarter,2500,resize,2,false,,,,,,230.8,,2500,,,,,,,,,,,,,,,,,,,,,,,,,,81.8,,80.5,,,5000,,,
5000-sparse,5000,sparse,quarter,2500,dependency,2,false,benchmark-task-3,,,,,,,2500,,,,,,,,,,,,,,,,,,,,171.2,,,,,,,,,,,5000,,,
5000-sparse,5000,sparse,quarter,2500,hierarchy,2,false,,,,16.8,200,,,2500,,,,,,,,,,,19.2,5000,,,,,,,,,,,,,,,,,,,5000,,,
5000-sparse,5000,sparse,quarter,2500,memory-dom,2,false,,,,,,,,2500,0,,,,,,,,,,,,,,,25693611,"[25686699,25687751,25693611,25693999,25694215]",24437303,"[24434767,24437131,24437303,24437475,24437647]",,,,,42,40,,,,,20,5000,787,20,
5000-sparse,5000,sparse,quarter,2500,initial,3,false,,385.70000000298023,,,,,47.899999998509884,2500,,,16,42,40,20,829,20,,,,,,,,,,,,,,,,,,,639.3000000044703,,,,5000,,,benchmark-task-2
5000-sparse,5000,sparse,quarter,2500,vertical,3,false,,,vertical,,,,,2500,,60,,,,,,,0,1200,,,141,8.3,9.3,,,,,,2,240,338,,,,,,117.5,,5000,,,
5000-sparse,5000,sparse,twenty-year,2500,horizontal,3,false,,,horizontal,,,,,2500,,60,,,,,,,0,1200,,,145,8.3,9.1,,,,,,2,246,347,,,,,,120.83,,5000,,,
5000-sparse,5000,sparse,quarter,2500,move,3,false,,,,,,262.7,,2500,,,,,,,,,,,,,,,,,,,,,,,,,,105,,102.5,,,5000,,,
5000-sparse,5000,sparse,quarter,2500,resize,3,false,,,,,,249.7,,2500,,,,,,,,,,,,,,,,,,,,,,,,,,97.4,,94.9,,,5000,,,
5000-sparse,5000,sparse,quarter,2500,dependency,3,false,benchmark-task-3,,,,,,,2500,,,,,,,,,,,,,,,,,,,,195.8,,,,,,,,,,,5000,,,
5000-sparse,5000,sparse,quarter,2500,hierarchy,3,false,,,,18.2,200,,,2500,,,,,,,,,,,22.2,5000,,,,,,,,,,,,,,,,,,,5000,,,
5000-sparse,5000,sparse,quarter,2500,memory-dom,3,false,,,,,,,,2500,0,,,,,,,,,,,,,,,25714750,"[25707838,25708890,25714750,25715138,25715354]",24388199,"[24385663,24388027,24388199,24388371,24388543]",,,,,42,40,,,,,20,5000,787,20,
5000-sparse,5000,sparse,quarter,2500,initial,4,false,,368.1000000014901,,,,,46.19999999552965,2500,,,16,42,40,20,829,20,,,,,,,,,,,,,,,,,,,617.6000000014901,,,,5000,,,benchmark-task-2
5000-sparse,5000,sparse,quarter,2500,vertical,4,false,,,vertical,,,,,2500,,60,,,,,,,0,1200,,,141,8.3,9.3,,,,,,2,248,344,,,,,,117.5,,5000,,,
5000-sparse,5000,sparse,twenty-year,2500,horizontal,4,false,,,horizontal,,,,,2500,,60,,,,,,,0,1200,,,145,8.3,9.1,,,,,,2,241,339,,,,,,120.83,,5000,,,
5000-sparse,5000,sparse,quarter,2500,move,4,false,,,,,,246.7,,2500,,,,,,,,,,,,,,,,,,,,,,,,,,104.7,,102.1,,,5000,,,
5000-sparse,5000,sparse,quarter,2500,resize,4,false,,,,,,241.7,,2500,,,,,,,,,,,,,,,,,,,,,,,,,,92.4,,91.2,,,5000,,,
5000-sparse,5000,sparse,quarter,2500,dependency,4,false,benchmark-task-3,,,,,,,2500,,,,,,,,,,,,,,,,,,,,187.4,,,,,,,,,,,5000,,,
5000-sparse,5000,sparse,quarter,2500,hierarchy,4,false,,,,18.2,200,,,2500,,,,,,,,,,,22.9,5000,,,,,,,,,,,,,,,,,,,5000,,,
5000-sparse,5000,sparse,quarter,2500,memory-dom,4,false,,,,,,,,2500,0,,,,,,,,,,,,,,,25697787,"[25690875,25691927,25697787,25698175,25698391]",24450595,"[24448059,24450423,24450595,24450767,24450939]",,,,,42,40,,,,,20,5000,787,20,
5000-sparse,5000,sparse,quarter,2500,initial,5,false,,354.5,,,,,45.79999999701977,2500,,,16,42,40,20,829,20,,,,,,,,,,,,,,,,,,,569.5,,,,5000,,,benchmark-task-2
5000-sparse,5000,sparse,quarter,2500,vertical,5,false,,,vertical,,,,,2500,,60,,,,,,,0,1200,,,143,8.3,9.2,,,,,,2,233,329,,,,,,119.17,,5000,,,
5000-sparse,5000,sparse,twenty-year,2500,horizontal,5,false,,,horizontal,,,,,2500,,60,,,,,,,0,1200,,,145,8.3,9.3,,,,,,2,218,309,,,,,,120.83,,5000,,,
5000-sparse,5000,sparse,quarter,2500,move,5,false,,,,,,223.8,,2500,,,,,,,,,,,,,,,,,,,,,,,,,,85.8,,83.6,,,5000,,,
5000-sparse,5000,sparse,quarter,2500,resize,5,false,,,,,,226.7,,2500,,,,,,,,,,,,,,,,,,,,,,,,,,83.7,,81.4,,,5000,,,
5000-sparse,5000,sparse,quarter,2500,dependency,5,false,benchmark-task-3,,,,,,,2500,,,,,,,,,,,,,,,,,,,,179.5,,,,,,,,,,,5000,,,
5000-sparse,5000,sparse,quarter,2500,hierarchy,5,false,,,,16.3,200,,,2500,,,,,,,,,,,20.8,5000,,,,,,,,,,,,,,,,,,,5000,,,
5000-sparse,5000,sparse,quarter,2500,memory-dom,5,false,,,,,,,,2500,0,,,,,,,,,,,,,,,25763715,"[25756555,25757855,25763715,25764103,25764319]",24455935,"[24453399,24455763,24455935,24456107,24456279]",,,,,42,40,,,,,20,5000,787,20,
5000-normal,5000,normal,quarter,9898,initial,0,true,,393.1000000014901,,,,,46.399999998509884,9898,,,48,42,40,20,925,20,,,,,,,,,,,,,,,,,,,612.7999999970198,,,,5000,,,benchmark-task-2
5000-normal,5000,normal,quarter,9898,vertical,0,true,,,vertical,,,,,9898,,60,,,,,,,2,1200,,,108,8.4,16.9,,,,,,2,257,355,,,,,,90,,5000,,,
5000-normal,5000,normal,twenty-year,9898,horizontal,0,true,,,horizontal,,,,,9898,,60,,,,,,,0,1200,,,145,8.3,9.1,,,,,,2,253,350,,,,,,120.83,,5000,,,
5000-normal,5000,normal,quarter,9898,move,0,true,,,,,,273.4,,9898,,,,,,,,,,,,,,,,,,,,,,,,,,103.6,,101.3,,,5000,,,
5000-normal,5000,normal,quarter,9898,resize,0,true,,,,,,267,,9898,,,,,,,,,,,,,,,,,,,,,,,,,,108.5,,106.2,,,5000,,,
5000-normal,5000,normal,quarter,9898,dependency,0,true,benchmark-task-3,,,,,,,9898,,,,,,,,,,,,,,,,,,,,218.6,,,,,,,,,,,5000,,,
5000-normal,5000,normal,quarter,9898,hierarchy,0,true,,,,16.5,200,,,9898,,,,,,,,,,,26.7,5000,,,,,,,,,,,,,,,,,,,5000,,,
5000-normal,5000,normal,quarter,9898,memory-dom,0,true,,,,,,,,9898,0,,,,,,,,,,,,,,,33214262,"[33213018,33214070,33214262,33214650,33214866]",27308391,"[27305855,27308219,27308391,27308563,27308735]",,,,,42,40,,,,,20,5000,789,20,
5000-normal,5000,normal,quarter,9898,initial,1,false,,388.79999999701977,,,,,46.100000001490116,9898,,,48,42,40,20,925,20,,,,,,,,,,,,,,,,,,,592.6999999955297,,,,5000,,,benchmark-task-2
5000-normal,5000,normal,quarter,9898,vertical,1,false,,,vertical,,,,,9898,,60,,,,,,,1,1200,,,107,8.9,17,,,,,,2,253,348,,,,,,89.17,,5000,,,
5000-normal,5000,normal,twenty-year,9898,horizontal,1,false,,,horizontal,,,,,9898,,60,,,,,,,0,1200,,,146,8.2,9.1,,,,,,2,257,353,,,,,,121.67,,5000,,,
5000-normal,5000,normal,quarter,9898,move,1,false,,,,,,283.7,,9898,,,,,,,,,,,,,,,,,,,,,,,,,,110.2,,106.8,,,5000,,,
5000-normal,5000,normal,quarter,9898,resize,1,false,,,,,,297.2,,9898,,,,,,,,,,,,,,,,,,,,,,,,,,112.9,,110.7,,,5000,,,
5000-normal,5000,normal,quarter,9898,dependency,1,false,benchmark-task-3,,,,,,,9898,,,,,,,,,,,,,,,,,,,,236.4,,,,,,,,,,,5000,,,
5000-normal,5000,normal,quarter,9898,hierarchy,1,false,,,,18.1,200,,,9898,,,,,,,,,,,28.6,5000,,,,,,,,,,,,,,,,,,,5000,,,
5000-normal,5000,normal,quarter,9898,memory-dom,1,false,,,,,,,,9898,0,,,,,,,,,,,,,,,33171398,"[33170154,33171206,33171398,33171786,33172002]",27308547,"[27306011,27308375,27308547,27308719,27308891]",,,,,42,40,,,,,20,5000,789,20,
5000-normal,5000,normal,quarter,9898,initial,2,false,,400.5,,,,,46.29999999701977,9898,,,48,42,40,20,925,20,,,,,,,,,,,,,,,,,,,608.7999999970198,,,,5000,,,benchmark-task-2
5000-normal,5000,normal,quarter,9898,vertical,2,false,,,vertical,,,,,9898,,60,,,,,,,1,1200,,,109,8.4,16.7,,,,,,2,272,368,,,,,,90.83,,5000,,,
5000-normal,5000,normal,twenty-year,9898,horizontal,2,false,,,horizontal,,,,,9898,,60,,,,,,,0,1200,,,145,8.3,9,,,,,,2,264,358,,,,,,120.83,,5000,,,
5000-normal,5000,normal,quarter,9898,move,2,false,,,,,,325,,9898,,,,,,,,,,,,,,,,,,,,,,,,,,168.6,,158.5,,,5000,,,
5000-normal,5000,normal,quarter,9898,resize,2,false,,,,,,301.9,,9898,,,,,,,,,,,,,,,,,,,,,,,,,,128.3,,123.5,,,5000,,,
5000-normal,5000,normal,quarter,9898,dependency,2,false,benchmark-task-3,,,,,,,9898,,,,,,,,,,,,,,,,,,,,261.8,,,,,,,,,,,5000,,,
5000-normal,5000,normal,quarter,9898,hierarchy,2,false,,,,21.4,200,,,9898,,,,,,,,,,,32.9,5000,,,,,,,,,,,,,,,,,,,5000,,,
5000-normal,5000,normal,quarter,9898,memory-dom,2,false,,,,,,,,9898,0,,,,,,,,,,,,,,,33199431,"[33198187,33199239,33199431,33199819,33200035]",27309710,"[27307174,27309538,27309710,27309882,27310054]",,,,,42,40,,,,,20,5000,789,20,
5000-normal,5000,normal,quarter,9898,initial,3,false,,478.3999999985099,,,,,59.399999998509884,9898,,,48,42,40,20,925,20,,,,,,,,,,,,,,,,,,,812.1000000014901,,,,5000,,,benchmark-task-2
5000-normal,5000,normal,quarter,9898,vertical,3,false,,,vertical,,,,,9898,,60,,,,,,,1,1200,,,101,8.8,17,,,,,,2,296,400,,,,,,84.17,,5000,,,
5000-normal,5000,normal,twenty-year,9898,horizontal,3,false,,,horizontal,,,,,9898,,60,,,,,,,0,1200,,,145,8.3,9.1,,,,,,2,304,405,,,,,,120.83,,5000,,,
5000-normal,5000,normal,quarter,9898,move,3,false,,,,,,279.5,,9898,,,,,,,,,,,,,,,,,,,,,,,,,,102.3,,99.8,,,5000,,,
5000-normal,5000,normal,quarter,9898,resize,3,false,,,,,,272.5,,9898,,,,,,,,,,,,,,,,,,,,,,,,,,111.4,,110.1,,,5000,,,
5000-normal,5000,normal,quarter,9898,dependency,3,false,benchmark-task-3,,,,,,,9898,,,,,,,,,,,,,,,,,,,,221.5,,,,,,,,,,,5000,,,
5000-normal,5000,normal,quarter,9898,hierarchy,3,false,,,,17.1,200,,,9898,,,,,,,,,,,27.8,5000,,,,,,,,,,,,,,,,,,,5000,,,
5000-normal,5000,normal,quarter,9898,memory-dom,3,false,,,,,,,,9898,0,,,,,,,,,,,,,,,33214625,"[33207465,33208765,33214625,33215013,33215229]",27380895,"[27378359,27380723,27380895,27381067,27381239]",,,,,42,40,,,,,20,5000,789,20,
5000-normal,5000,normal,quarter,9898,initial,4,false,,372.6000000014901,,,,,46.19999999552965,9898,,,48,42,40,20,925,20,,,,,,,,,,,,,,,,,,,564.5,,,,5000,,,benchmark-task-2
5000-normal,5000,normal,quarter,9898,vertical,4,false,,,vertical,,,,,9898,,60,,,,,,,1,1200,,,111,8.4,16.8,,,,,,2,264,360,,,,,,92.5,,5000,,,
5000-normal,5000,normal,twenty-year,9898,horizontal,4,false,,,horizontal,,,,,9898,,60,,,,,,,0,1200,,,145,8.3,9,,,,,,2,262,361,,,,,,120.83,,5000,,,
5000-normal,5000,normal,quarter,9898,move,4,false,,,,,,293.1,,9898,,,,,,,,,,,,,,,,,,,,,,,,,,121.3,,117,,,5000,,,
5000-normal,5000,normal,quarter,9898,resize,4,false,,,,,,274.1,,9898,,,,,,,,,,,,,,,,,,,,,,,,,,110.6,,109.3,,,5000,,,
5000-normal,5000,normal,quarter,9898,dependency,4,false,benchmark-task-3,,,,,,,9898,,,,,,,,,,,,,,,,,,,,212.8,,,,,,,,,,,5000,,,
5000-normal,5000,normal,quarter,9898,hierarchy,4,false,,,,17.6,200,,,9898,,,,,,,,,,,26.2,5000,,,,,,,,,,,,,,,,,,,5000,,,
5000-normal,5000,normal,quarter,9898,memory-dom,4,false,,,,,,,,9898,0,,,,,,,,,,,,,,,33173596,"[33166684,33167736,33173596,33173984,33174200]",27383283,"[27380747,27383111,27383283,27383455,27383627]",,,,,42,40,,,,,20,5000,789,20,
5000-normal,5000,normal,quarter,9898,initial,5,false,,392.6000000014901,,,,,46.600000001490116,9898,,,48,42,40,20,925,20,,,,,,,,,,,,,,,,,,,595.8000000044703,,,,5000,,,benchmark-task-2
5000-normal,5000,normal,quarter,9898,vertical,5,false,,,vertical,,,,,9898,,60,,,,,,,0,1200,,,112,8.4,16.7,,,,,,2,256,355,,,,,,93.33,,5000,,,
5000-normal,5000,normal,twenty-year,9898,horizontal,5,false,,,horizontal,,,,,9898,,60,,,,,,,0,1200,,,145,8.3,8.9,,,,,,2,257,351,,,,,,120.83,,5000,,,
5000-normal,5000,normal,quarter,9898,move,5,false,,,,,,265.5,,9898,,,,,,,,,,,,,,,,,,,,,,,,,,102.4,,100.4,,,5000,,,
5000-normal,5000,normal,quarter,9898,resize,5,false,,,,,,252.5,,9898,,,,,,,,,,,,,,,,,,,,,,,,,,97.7,,96.6,,,5000,,,
5000-normal,5000,normal,quarter,9898,dependency,5,false,benchmark-task-3,,,,,,,9898,,,,,,,,,,,,,,,,,,,,212.4,,,,,,,,,,,5000,,,
5000-normal,5000,normal,quarter,9898,hierarchy,5,false,,,,16.7,200,,,9898,,,,,,,,,,,27,5000,,,,,,,,,,,,,,,,,,,5000,,,
5000-normal,5000,normal,quarter,9898,memory-dom,5,false,,,,,,,,9898,0,,,,,,,,,,,,,,,33199634,"[33198142,33199442,33199634,33200022,33200238]",27282383,"[27279847,27282211,27282383,27282555,27282727]",,,,,42,40,,,,,20,5000,789,20,
5000-high,5000,high,quarter,20000,initial,0,true,,582.2999999970198,,,,,50.20000000298023,20000,,,80,42,40,20,1021,20,,,,,,,,,,,,,,,,,,,828.5,,,,5000,,,benchmark-task-2
5000-high,5000,high,quarter,20000,vertical,0,true,,,vertical,,,,,20000,,55.83,,,,,,,14,1200,,,67,16.7,25.6,,,,,,2,377,474,,,,,,55.83,,5000,,,
5000-high,5000,high,twenty-year,20000,horizontal,0,true,,,horizontal,,,,,20000,,60,,,,,,,0,1200,,,145,8.3,9.1,,,,,,2,326,423,,,,,,120.83,,5000,,,
5000-high,5000,high,quarter,20000,move,0,true,,,,,,461.6,,20000,,,,,,,,,,,,,,,,,,,,,,,,,,202.4,,194.4,,,5000,,,
5000-high,5000,high,quarter,20000,resize,0,true,,,,,,513.3,,20000,,,,,,,,,,,,,,,,,,,,,,,,,,402.1,,391.7,,,5000,,,
5000-high,5000,high,quarter,20000,dependency,0,true,benchmark-task-3,,,,,,,20000,,,,,,,,,,,,,,,,,,,,382.7,,,,,,,,,,,5000,,,
5000-high,5000,high,quarter,20000,hierarchy,0,true,,,,16.8,200,,,20000,,,,,,,,,,,40.3,5000,,,,,,,,,,,,,,,,,,,5000,,,
5000-high,5000,high,quarter,20000,memory-dom,0,true,,,,,,,,20000,0,,,,,,,,,,,,,,,34698464,"[34697220,34698272,34698464,34698852,34699068]",39557683,"[39555147,39557511,39557683,39557855,39558027]",,,,,42,40,,,,,20,5000,787,20,
5000-high,5000,high,quarter,20000,initial,1,false,,601.6000000014901,,,,,48.899999998509884,20000,,,80,42,40,20,1021,20,,,,,,,,,,,,,,,,,,,867.6000000014901,,,,5000,,,benchmark-task-2
5000-high,5000,high,quarter,20000,vertical,1,false,,,vertical,,,,,20000,,58.33,,,,,,,17,1200,,,70,16.7,25.2,,,,,,2,394,493,,,,,,58.33,,5000,,,
5000-high,5000,high,twenty-year,20000,horizontal,1,false,,,horizontal,,,,,20000,,60,,,,,,,0,1200,,,146,8.3,8.8,,,,,,2,310,408,,,,,,121.67,,5000,,,
5000-high,5000,high,quarter,20000,move,1,false,,,,,,380.8,,20000,,,,,,,,,,,,,,,,,,,,,,,,,,112.8,,110.1,,,5000,,,
5000-high,5000,high,quarter,20000,resize,1,false,,,,,,380.8,,20000,,,,,,,,,,,,,,,,,,,,,,,,,,128.5,,127.3,,,5000,,,
5000-high,5000,high,quarter,20000,dependency,1,false,benchmark-task-3,,,,,,,20000,,,,,,,,,,,,,,,,,,,,330.2,,,,,,,,,,,5000,,,
5000-high,5000,high,quarter,20000,hierarchy,1,false,,,,16.4,200,,,20000,,,,,,,,,,,36,5000,,,,,,,,,,,,,,,,,,,5000,,,
5000-high,5000,high,quarter,20000,memory-dom,1,false,,,,,,,,20000,0,,,,,,,,,,,,,,,34659988,"[34658744,34659796,34659988,34660376,34660592]",32293611,"[32291075,32293439,32293611,32293783,32293955]",,,,,42,40,,,,,20,5000,787,20,
5000-high,5000,high,quarter,20000,initial,2,false,,517.6000000014901,,,,,45.69999999552965,20000,,,80,42,40,20,1021,20,,,,,,,,,,,,,,,,,,,709.2000000029802,,,,5000,,,benchmark-task-2
5000-high,5000,high,quarter,20000,vertical,2,false,,,vertical,,,,,20000,,60,,,,,,,15,1200,,,75,16.6,25.1,,,,,,2,362,454,,,,,,62.5,,5000,,,
5000-high,5000,high,twenty-year,20000,horizontal,2,false,,,horizontal,,,,,20000,,60,,,,,,,0,1200,,,145,8.3,8.9,,,,,,2,297,391,,,,,,120.83,,5000,,,
5000-high,5000,high,quarter,20000,move,2,false,,,,,,394.3,,20000,,,,,,,,,,,,,,,,,,,,,,,,,,173.6,,171,,,5000,,,
5000-high,5000,high,quarter,20000,resize,2,false,,,,,,390.1,,20000,,,,,,,,,,,,,,,,,,,,,,,,,,120.1,,118.7,,,5000,,,
5000-high,5000,high,quarter,20000,dependency,2,false,benchmark-task-3,,,,,,,20000,,,,,,,,,,,,,,,,,,,,326.7,,,,,,,,,,,5000,,,
5000-high,5000,high,quarter,20000,hierarchy,2,false,,,,17.1,200,,,20000,,,,,,,,,,,38,5000,,,,,,,,,,,,,,,,,,,5000,,,
5000-high,5000,high,quarter,20000,memory-dom,2,false,,,,,,,,20000,0,,,,,,,,,,,,,,,34604324,"[34597424,34598476,34604324,34604712,34604928]",32302519,"[32299983,32302347,32302519,32302691,32302863]",,,,,42,40,,,,,20,5000,787,20,
5000-high,5000,high,quarter,20000,initial,3,false,,584.5,,,,,47.70000000298023,20000,,,80,42,40,20,1021,20,,,,,,,,,,,,,,,,,,,850.1000000014901,,,,5000,,,benchmark-task-2
5000-high,5000,high,quarter,20000,vertical,3,false,,,vertical,,,,,20000,,60,,,,,,,16,1200,,,73,16.7,25,,,,,,2,380,473,,,,,,60.83,,5000,,,
5000-high,5000,high,twenty-year,20000,horizontal,3,false,,,horizontal,,,,,20000,,60,,,,,,,0,1200,,,146,8.3,9.2,,,,,,2,299,400,,,,,,121.67,,5000,,,
5000-high,5000,high,quarter,20000,move,3,false,,,,,,467.6,,20000,,,,,,,,,,,,,,,,,,,,,,,,,,178,,172.5,,,5000,,,
5000-high,5000,high,quarter,20000,resize,3,false,,,,,,432.5,,20000,,,,,,,,,,,,,,,,,,,,,,,,,,158.5,,156.1,,,5000,,,
5000-high,5000,high,quarter,20000,dependency,3,false,benchmark-task-3,,,,,,,20000,,,,,,,,,,,,,,,,,,,,355.6,,,,,,,,,,,5000,,,
5000-high,5000,high,quarter,20000,hierarchy,3,false,,,,17,200,,,20000,,,,,,,,,,,38.9,5000,,,,,,,,,,,,,,,,,,,5000,,,
5000-high,5000,high,quarter,20000,memory-dom,3,false,,,,,,,,20000,0,,,,,,,,,,,,,,,34714463,"[34707563,34708615,34714463,34714851,34715067]",32348215,"[32345679,32348043,32348215,32348387,32348559]",,,,,42,40,,,,,20,5000,787,20,
5000-high,5000,high,quarter,20000,initial,4,false,,596,,,,,49.79999999701977,20000,,,80,42,40,20,1021,20,,,,,,,,,,,,,,,,,,,854,,,,5000,,,benchmark-task-2
5000-high,5000,high,quarter,20000,vertical,4,false,,,vertical,,,,,20000,,60,,,,,,,29,1200,,,73,16.7,25.7,,,,,,2,388,487,,,,,,60.83,,5000,,,
5000-high,5000,high,twenty-year,20000,horizontal,4,false,,,horizontal,,,,,20000,,60,,,,,,,0,1200,,,146,8.3,9,,,,,,2,296,393,,,,,,121.67,,5000,,,
5000-high,5000,high,quarter,20000,move,4,false,,,,,,387.6,,20000,,,,,,,,,,,,,,,,,,,,,,,,,,122.5,,119.9,,,5000,,,
5000-high,5000,high,quarter,20000,resize,4,false,,,,,,378.5,,20000,,,,,,,,,,,,,,,,,,,,,,,,,,130.1,,128.8,,,5000,,,
5000-high,5000,high,quarter,20000,dependency,4,false,benchmark-task-3,,,,,,,20000,,,,,,,,,,,,,,,,,,,,338.9,,,,,,,,,,,5000,,,
5000-high,5000,high,quarter,20000,hierarchy,4,false,,,,17.5,200,,,20000,,,,,,,,,,,37,5000,,,,,,,,,,,,,,,,,,,5000,,,
5000-high,5000,high,quarter,20000,memory-dom,4,false,,,,,,,,20000,0,,,,,,,,,,,,,,,34658708,"[34657464,34658516,34658708,34659096,34659312]",32307015,"[32304479,32306843,32307015,32307187,32307359]",,,,,42,40,,,,,20,5000,787,20,
5000-high,5000,high,quarter,20000,initial,5,false,,525.6000000014901,,,,,45.600000001490116,20000,,,80,42,40,20,1021,20,,,,,,,,,,,,,,,,,,,719.1000000014901,,,,5000,,,benchmark-task-2
5000-high,5000,high,quarter,20000,vertical,5,false,,,vertical,,,,,20000,,60,,,,,,,15,1200,,,77,16.7,25,,,,,,2,359,451,,,,,,64.17,,5000,,,
5000-high,5000,high,twenty-year,20000,horizontal,5,false,,,horizontal,,,,,20000,,60,,,,,,,0,1200,,,145,8.3,9,,,,,,2,290,385,,,,,,120.83,,5000,,,
5000-high,5000,high,quarter,20000,move,5,false,,,,,,388.3,,20000,,,,,,,,,,,,,,,,,,,,,,,,,,113.2,,110.6,,,5000,,,
5000-high,5000,high,quarter,20000,resize,5,false,,,,,,380.4,,20000,,,,,,,,,,,,,,,,,,,,,,,,,,128.8,,127.2,,,5000,,,
5000-high,5000,high,quarter,20000,dependency,5,false,benchmark-task-3,,,,,,,20000,,,,,,,,,,,,,,,,,,,,342.9,,,,,,,,,,,5000,,,
5000-high,5000,high,quarter,20000,hierarchy,5,false,,,,16,200,,,20000,,,,,,,,,,,35.7,5000,,,,,,,,,,,,,,,,,,,5000,,,
5000-high,5000,high,quarter,20000,memory-dom,5,false,,,,,,,,20000,0,,,,,,,,,,,,,,,34634135,"[34632891,34633943,34634135,34634523,34634739]",32296147,"[32293611,32295975,32296147,32296319,32296491]",,,,,42,40,,,,,20,5000,787,20,
10000-sparse,10000,sparse,quarter,5000,initial,0,true,,563.8999999985099,,,,,87.19999999552965,5000,,,16,42,40,20,829,20,,,,,,,,,,,,,,,,,,,802.6000000014901,,,,10000,,,benchmark-task-2
10000-sparse,10000,sparse,quarter,5000,vertical,0,true,,,vertical,,,,,5000,,60,,,,,,,3,1200,,,120,8.3,16.9,,,,,,2,414,551,,,,,,100,,10000,,,
10000-sparse,10000,sparse,twenty-year,5000,horizontal,0,true,,,horizontal,,,,,5000,,60,,,,,,,0,1200,,,145,8.3,8.9,,,,,,2,420,557,,,,,,120.83,,10000,,,
10000-sparse,10000,sparse,quarter,5000,move,0,true,,,,,,425.2,,5000,,,,,,,,,,,,,,,,,,,,,,,,,,108.3,,104.8,,,10000,,,
10000-sparse,10000,sparse,quarter,5000,resize,0,true,,,,,,449.4,,5000,,,,,,,,,,,,,,,,,,,,,,,,,,101.4,,100.3,,,10000,,,
10000-sparse,10000,sparse,quarter,5000,dependency,0,true,benchmark-task-3,,,,,,,5000,,,,,,,,,,,,,,,,,,,,334.2,,,,,,,,,,,10000,,,
10000-sparse,10000,sparse,quarter,5000,hierarchy,0,true,,,,19,400,,,5000,,,,,,,,,,,24.7,10000,,,,,,,,,,,,,,,,,,,10000,,,
10000-sparse,10000,sparse,quarter,5000,memory-dom,0,true,,,,,,,,5000,0,,,,,,,,,,,,,,,36668557,"[36667313,36668365,36668557,36668945,36669161]",31414553,"[31412017,31414381,31414553,31414725,31414897]",,,,,42,40,,,,,20,10000,787,20,
10000-sparse,10000,sparse,quarter,5000,initial,1,false,,565.5,,,,,87.30000000447035,5000,,,16,42,40,20,829,20,,,,,,,,,,,,,,,,,,,813.7000000029802,,,,10000,,,benchmark-task-2
10000-sparse,10000,sparse,quarter,5000,vertical,1,false,,,vertical,,,,,5000,,60,,,,,,,1,1200,,,120,8.4,17.1,,,,,,2,409,547,,,,,,100,,10000,,,
10000-sparse,10000,sparse,twenty-year,5000,horizontal,1,false,,,horizontal,,,,,5000,,60,,,,,,,0,1200,,,145,8.3,9.1,,,,,,2,399,533,,,,,,120.83,,10000,,,
10000-sparse,10000,sparse,quarter,5000,move,1,false,,,,,,432.2,,5000,,,,,,,,,,,,,,,,,,,,,,,,,,116.8,,112.9,,,10000,,,
10000-sparse,10000,sparse,quarter,5000,resize,1,false,,,,,,436,,5000,,,,,,,,,,,,,,,,,,,,,,,,,,104.7,,103.3,,,10000,,,
10000-sparse,10000,sparse,quarter,5000,dependency,1,false,benchmark-task-3,,,,,,,5000,,,,,,,,,,,,,,,,,,,,336.9,,,,,,,,,,,10000,,,
10000-sparse,10000,sparse,quarter,5000,hierarchy,1,false,,,,19.9,400,,,5000,,,,,,,,,,,27.3,10000,,,,,,,,,,,,,,,,,,,10000,,,
10000-sparse,10000,sparse,quarter,5000,memory-dom,1,false,,,,,,,,5000,0,,,,,,,,,,,,,,,36578999,"[36577755,36578807,36578999,36579387,36579603]",31431881,"[31429345,31431709,31431881,31432053,31432225]",,,,,42,40,,,,,20,10000,787,20,
10000-sparse,10000,sparse,quarter,5000,initial,2,false,,616.3000000044703,,,,,92.70000000298023,5000,,,16,42,40,20,829,20,,,,,,,,,,,,,,,,,,,894.2000000029802,,,,10000,,,benchmark-task-2
10000-sparse,10000,sparse,quarter,5000,vertical,2,false,,,vertical,,,,,5000,,60,,,,,,,2,1200,,,114,8.3,16.8,,,,,,2,449,602,,,,,,95,,10000,,,
10000-sparse,10000,sparse,twenty-year,5000,horizontal,2,false,,,horizontal,,,,,5000,,60,,,,,,,0,1200,,,146,8.3,9.2,,,,,,2,413,550,,,,,,121.67,,10000,,,
10000-sparse,10000,sparse,quarter,5000,move,2,false,,,,,,447.2,,5000,,,,,,,,,,,,,,,,,,,,,,,,,,115.5,,110.2,,,10000,,,
10000-sparse,10000,sparse,quarter,5000,resize,2,false,,,,,,434.1,,5000,,,,,,,,,,,,,,,,,,,,,,,,,,124.6,,121.8,,,10000,,,
10000-sparse,10000,sparse,quarter,5000,dependency,2,false,benchmark-task-3,,,,,,,5000,,,,,,,,,,,,,,,,,,,,344.6,,,,,,,,,,,10000,,,
10000-sparse,10000,sparse,quarter,5000,hierarchy,2,false,,,,20.6,400,,,5000,,,,,,,,,,,26.1,10000,,,,,,,,,,,,,,,,,,,10000,,,
10000-sparse,10000,sparse,quarter,5000,memory-dom,2,false,,,,,,,,5000,0,,,,,,,,,,,,,,,36672340,"[36671096,36672148,36672340,36672728,36672944]",31424249,"[31421713,31424077,31424249,31424421,31424593]",,,,,42,40,,,,,20,10000,787,20,
10000-sparse,10000,sparse,quarter,5000,initial,3,false,,547.8000000044703,,,,,90.89999999850988,5000,,,16,42,40,20,829,20,,,,,,,,,,,,,,,,,,,835.1000000014901,,,,10000,,,benchmark-task-2
10000-sparse,10000,sparse,quarter,5000,vertical,3,false,,,vertical,,,,,5000,,60,,,,,,,1,1200,,,114,8.4,17.2,,,,,,2,422,561,,,,,,95,,10000,,,
10000-sparse,10000,sparse,twenty-year,5000,horizontal,3,false,,,horizontal,,,,,5000,,60,,,,,,,0,1200,,,145,8.3,8.9,,,,,,2,431,568,,,,,,120.83,,10000,,,
10000-sparse,10000,sparse,quarter,5000,move,3,false,,,,,,438.3,,5000,,,,,,,,,,,,,,,,,,,,,,,,,,138.9,,133.9,,,10000,,,
10000-sparse,10000,sparse,quarter,5000,resize,3,false,,,,,,453.8,,5000,,,,,,,,,,,,,,,,,,,,,,,,,,108.8,,107.5,,,10000,,,
10000-sparse,10000,sparse,quarter,5000,dependency,3,false,benchmark-task-3,,,,,,,5000,,,,,,,,,,,,,,,,,,,,379.2,,,,,,,,,,,10000,,,
10000-sparse,10000,sparse,quarter,5000,hierarchy,3,false,,,,21.9,400,,,5000,,,,,,,,,,,27.3,10000,,,,,,,,,,,,,,,,,,,10000,,,
10000-sparse,10000,sparse,quarter,5000,memory-dom,3,false,,,,,,,,5000,0,,,,,,,,,,,,,,,36704322,"[36703078,36704130,36704322,36704710,36704926]",31556475,"[31553939,31556303,31556475,31556647,31556819]",,,,,42,40,,,,,20,10000,787,20,
10000-sparse,10000,sparse,quarter,5000,initial,4,false,,580.8999999985099,,,,,94.39999999850988,5000,,,16,42,40,20,829,20,,,,,,,,,,,,,,,,,,,856.0999999940395,,,,10000,,,benchmark-task-2
10000-sparse,10000,sparse,quarter,5000,vertical,4,false,,,vertical,,,,,5000,,60,,,,,,,2,1200,,,108,8.4,17.4,,,,,,2,461,611,,,,,,90,,10000,,,
10000-sparse,10000,sparse,twenty-year,5000,horizontal,4,false,,,horizontal,,,,,5000,,60,,,,,,,0,1200,,,144,8.3,9.3,,,,,,2,402,544,,,,,,120,,10000,,,
10000-sparse,10000,sparse,quarter,5000,move,4,false,,,,,,404.6,,5000,,,,,,,,,,,,,,,,,,,,,,,,,,98.1,,94.9,,,10000,,,
10000-sparse,10000,sparse,quarter,5000,resize,4,false,,,,,,404.4,,5000,,,,,,,,,,,,,,,,,,,,,,,,,,96,,94.8,,,10000,,,
10000-sparse,10000,sparse,quarter,5000,dependency,4,false,benchmark-task-3,,,,,,,5000,,,,,,,,,,,,,,,,,,,,334.5,,,,,,,,,,,10000,,,
10000-sparse,10000,sparse,quarter,5000,hierarchy,4,false,,,,24.6,400,,,5000,,,,,,,,,,,22.7,10000,,,,,,,,,,,,,,,,,,,10000,,,
10000-sparse,10000,sparse,quarter,5000,memory-dom,4,false,,,,,,,,5000,0,,,,,,,,,,,,,,,36636546,"[36635302,36636354,36636546,36636934,36637150]",31439705,"[31437169,31439533,31439705,31439877,31440049]",,,,,42,40,,,,,20,10000,787,20,
10000-sparse,10000,sparse,quarter,5000,initial,5,false,,548,,,,,89.19999999552965,5000,,,16,42,40,20,829,20,,,,,,,,,,,,,,,,,,,807.5,,,,10000,,,benchmark-task-2
10000-sparse,10000,sparse,quarter,5000,vertical,5,false,,,vertical,,,,,5000,,60,,,,,,,1,1200,,,126,8.4,16.7,,,,,,2,410,546,,,,,,105,,10000,,,
10000-sparse,10000,sparse,twenty-year,5000,horizontal,5,false,,,horizontal,,,,,5000,,60,,,,,,,0,1200,,,145,8.3,8.9,,,,,,2,392,528,,,,,,120.83,,10000,,,
10000-sparse,10000,sparse,quarter,5000,move,5,false,,,,,,404.3,,5000,,,,,,,,,,,,,,,,,,,,,,,,,,98.3,,95.2,,,10000,,,
10000-sparse,10000,sparse,quarter,5000,resize,5,false,,,,,,436.2,,5000,,,,,,,,,,,,,,,,,,,,,,,,,,116.7,,109.6,,,10000,,,
10000-sparse,10000,sparse,quarter,5000,dependency,5,false,benchmark-task-3,,,,,,,5000,,,,,,,,,,,,,,,,,,,,353.9,,,,,,,,,,,10000,,,
10000-sparse,10000,sparse,quarter,5000,hierarchy,5,false,,,,21.5,400,,,5000,,,,,,,,,,,24.4,10000,,,,,,,,,,,,,,,,,,,10000,,,
10000-sparse,10000,sparse,quarter,5000,memory-dom,5,false,,,,,,,,5000,0,,,,,,,,,,,,,,,36632889,"[36631645,36632697,36632889,36633277,36633493]",31407852,"[31405316,31407680,31407852,31408024,31408196]",,,,,42,40,,,,,20,10000,787,20,
10000-normal,10000,normal,quarter,19796,initial,0,true,,646.2000000029802,,,,,92.40000000596046,19796,,,48,42,40,20,925,20,,,,,,,,,,,,,,,,,,,906.5,,,,10000,,,benchmark-task-2
10000-normal,10000,normal,quarter,19796,vertical,0,true,,,vertical,,,,,19796,,59.17,,,,,,,11,1200,,,71,16.7,25.9,,,,,,2,487,629,,,,,,59.17,,10000,,,
10000-normal,10000,normal,twenty-year,19796,horizontal,0,true,,,horizontal,,,,,19796,,60,,,,,,,0,1200,,,145,8.3,9.1,,,,,,2,451,591,,,,,,120.83,,10000,,,
10000-normal,10000,normal,quarter,19796,move,0,true,,,,,,511.8,,19796,,,,,,,,,,,,,,,,,,,,,,,,,,170.6,,164.3,,,10000,,,
10000-normal,10000,normal,quarter,19796,resize,0,true,,,,,,611.7,,19796,,,,,,,,,,,,,,,,,,,,,,,,,,175.9,,172.9,,,10000,,,
10000-normal,10000,normal,quarter,19796,dependency,0,true,benchmark-task-3,,,,,,,19796,,,,,,,,,,,,,,,,,,,,451,,,,,,,,,,,10000,,,
10000-normal,10000,normal,quarter,19796,hierarchy,0,true,,,,18.9,400,,,19796,,,,,,,,,,,37.3,10000,,,,,,,,,,,,,,,,,,,10000,,,
10000-normal,10000,normal,quarter,19796,memory-dom,0,true,,,,,,,,19796,0,,,,,,,,,,,,,,,40104889,"[40103645,40104697,40104889,40105277,40105493]",37259449,"[37256913,37259277,37259449,37259621,37259793]",,,,,42,40,,,,,20,10000,789,20,
10000-normal,10000,normal,quarter,19796,initial,1,false,,606.2000000029802,,,,,88.19999999552965,19796,,,48,42,40,20,925,20,,,,,,,,,,,,,,,,,,,841.8999999985099,,,,10000,,,benchmark-task-2
10000-normal,10000,normal,quarter,19796,vertical,1,false,,,vertical,,,,,19796,,60,,,,,,,5,1200,,,77,16.7,24.8,,,,,,2,456,591,,,,,,64.17,,10000,,,
10000-normal,10000,normal,twenty-year,19796,horizontal,1,false,,,horizontal,,,,,19796,,60,,,,,,,0,1200,,,146,8.3,8.9,,,,,,2,453,594,,,,,,121.67,,10000,,,
10000-normal,10000,normal,quarter,19796,move,1,false,,,,,,498.7,,19796,,,,,,,,,,,,,,,,,,,,,,,,,,121.2,,117.6,,,10000,,,
10000-normal,10000,normal,quarter,19796,resize,1,false,,,,,,480.7,,19796,,,,,,,,,,,,,,,,,,,,,,,,,,128.2,,126.9,,,10000,,,
10000-normal,10000,normal,quarter,19796,dependency,1,false,benchmark-task-3,,,,,,,19796,,,,,,,,,,,,,,,,,,,,421.7,,,,,,,,,,,10000,,,
10000-normal,10000,normal,quarter,19796,hierarchy,1,false,,,,17.8,400,,,19796,,,,,,,,,,,39.4,10000,,,,,,,,,,,,,,,,,,,10000,,,
10000-normal,10000,normal,quarter,19796,memory-dom,1,false,,,,,,,,19796,0,,,,,,,,,,,,,,,40107627,"[40106383,40107435,40107627,40108015,40108231]",37260705,"[37258169,37260533,37260705,37260877,37261049]",,,,,42,40,,,,,20,10000,789,20,
10000-normal,10000,normal,quarter,19796,initial,2,false,,637,,,,,89.89999999850988,19796,,,48,42,40,20,925,20,,,,,,,,,,,,,,,,,,,891.6999999955297,,,,10000,,,benchmark-task-2
10000-normal,10000,normal,quarter,19796,vertical,2,false,,,vertical,,,,,19796,,56.67,,,,,,,15,1200,,,68,16.7,25.8,,,,,,3,518,710,,,,,,56.67,,10000,,,
10000-normal,10000,normal,twenty-year,19796,horizontal,2,false,,,horizontal,,,,,19796,,60,,,,,,,0,1200,,,145,8.3,9.1,,,,,,2,451,590,,,,,,120.83,,10000,,,
10000-normal,10000,normal,quarter,19796,move,2,false,,,,,,663,,19796,,,,,,,,,,,,,,,,,,,,,,,,,,190.5,,184.8,,,10000,,,
10000-normal,10000,normal,quarter,19796,resize,2,false,,,,,,576.3,,19796,,,,,,,,,,,,,,,,,,,,,,,,,,191.5,,189.5,,,10000,,,
10000-normal,10000,normal,quarter,19796,dependency,2,false,benchmark-task-3,,,,,,,19796,,,,,,,,,,,,,,,,,,,,454.3,,,,,,,,,,,10000,,,
10000-normal,10000,normal,quarter,19796,hierarchy,2,false,,,,19.9,400,,,19796,,,,,,,,,,,36.9,10000,,,,,,,,,,,,,,,,,,,10000,,,
10000-normal,10000,normal,quarter,19796,memory-dom,2,false,,,,,,,,19796,0,,,,,,,,,,,,,,,40121736,"[40120492,40121544,40121736,40122124,40122340]",37280065,"[37277529,37279893,37280065,37280237,37280409]",,,,,42,40,,,,,20,10000,789,20,
10000-normal,10000,normal,quarter,19796,initial,3,false,,689.8000000044703,,,,,95.39999999850988,19796,,,48,42,40,20,925,20,,,,,,,,,,,,,,,,,,,985.6000000014901,,,,10000,,,benchmark-task-2
10000-normal,10000,normal,quarter,19796,vertical,3,false,,,vertical,,,,,19796,,55,,,,,,,23,1200,,,66,16.75,25.8,,,,,,3,532,737,,,,,,55,,10000,,,
10000-normal,10000,normal,twenty-year,19796,horizontal,3,false,,,horizontal,,,,,19796,,60,,,,,,,0,1200,,,146,8.3,9.2,,,,,,3,498,737,,,,,,121.67,,10000,,,
10000-normal,10000,normal,quarter,19796,move,3,false,,,,,,774.6,,19796,,,,,,,,,,,,,,,,,,,,,,,,,,220.2,,214.8,,,10000,,,
10000-normal,10000,normal,quarter,19796,resize,3,false,,,,,,525.9,,19796,,,,,,,,,,,,,,,,,,,,,,,,,,216.1,,208.7,,,10000,,,
10000-normal,10000,normal,quarter,19796,dependency,3,false,benchmark-task-3,,,,,,,19796,,,,,,,,,,,,,,,,,,,,496.3,,,,,,,,,,,10000,,,
10000-normal,10000,normal,quarter,19796,hierarchy,3,false,,,,18.5,400,,,19796,,,,,,,,,,,37.8,10000,,,,,,,,,,,,,,,,,,,10000,,,
10000-normal,10000,normal,quarter,19796,memory-dom,3,false,,,,,,,,19796,0,,,,,,,,,,,,,,,40167294,"[40166050,40167102,40167294,40167682,40167898]",37320977,"[37318441,37320805,37320977,37321149,37321321]",,,,,42,40,,,,,20,10000,789,20,
10000-normal,10000,normal,quarter,19796,initial,4,false,,766.3999999985099,,,,,95.29999999701977,19796,,,48,42,40,20,925,20,,,,,,,,,,,,,,,,,,,1134.0999999940395,,,,10000,,,benchmark-task-2
10000-normal,10000,normal,quarter,19796,vertical,4,false,,,vertical,,,,,19796,,46.67,,,,,,,24,1200,,,56,16.8,34.2,,,,,,3,519,791,,,,,,46.67,,10000,,,
10000-normal,10000,normal,twenty-year,19796,horizontal,4,false,,,horizontal,,,,,19796,,60,,,,,,,0,1200,,,145,8.3,9.2,,,,,,3,499,722,,,,,,120.83,,10000,,,
10000-normal,10000,normal,quarter,19796,move,4,false,,,,,,634.2,,19796,,,,,,,,,,,,,,,,,,,,,,,,,,162.9,,157.5,,,10000,,,
10000-normal,10000,normal,quarter,19796,resize,4,false,,,,,,566.2,,19796,,,,,,,,,,,,,,,,,,,,,,,,,,230.8,,214.8,,,10000,,,
10000-normal,10000,normal,quarter,19796,dependency,4,false,benchmark-task-3,,,,,,,19796,,,,,,,,,,,,,,,,,,,,432.6,,,,,,,,,,,10000,,,
10000-normal,10000,normal,quarter,19796,hierarchy,4,false,,,,18.1,400,,,19796,,,,,,,,,,,35.4,10000,,,,,,,,,,,,,,,,,,,10000,,,
10000-normal,10000,normal,quarter,19796,memory-dom,4,false,,,,,,,,19796,0,,,,,,,,,,,,,,,40108774,"[40107530,40108582,40108774,40109162,40109378]",37255025,"[37252489,37254853,37255025,37255197,37255369]",,,,,42,40,,,,,20,10000,789,20,
10000-normal,10000,normal,quarter,19796,initial,5,false,,596.3999999985099,,,,,88.5,19796,,,48,42,40,20,925,20,,,,,,,,,,,,,,,,,,,844.6000000014901,,,,10000,,,benchmark-task-2
10000-normal,10000,normal,quarter,19796,vertical,5,false,,,vertical,,,,,19796,,60,,,,,,,5,1200,,,76,16.7,24.9,,,,,,2,473,610,,,,,,63.33,,10000,,,
10000-normal,10000,normal,twenty-year,19796,horizontal,5,false,,,horizontal,,,,,19796,,60,,,,,,,0,1200,,,146,8.3,9,,,,,,2,451,586,,,,,,121.67,,10000,,,
10000-normal,10000,normal,quarter,19796,move,5,false,,,,,,482,,19796,,,,,,,,,,,,,,,,,,,,,,,,,,129.2,,125.9,,,10000,,,
10000-normal,10000,normal,quarter,19796,resize,5,false,,,,,,473.2,,19796,,,,,,,,,,,,,,,,,,,,,,,,,,119.1,,118,,,10000,,,
10000-normal,10000,normal,quarter,19796,dependency,5,false,benchmark-task-3,,,,,,,19796,,,,,,,,,,,,,,,,,,,,415.2,,,,,,,,,,,10000,,,
10000-normal,10000,normal,quarter,19796,hierarchy,5,false,,,,16.2,400,,,19796,,,,,,,,,,,35.7,10000,,,,,,,,,,,,,,,,,,,10000,,,
10000-normal,10000,normal,quarter,19796,memory-dom,5,false,,,,,,,,19796,0,,,,,,,,,,,,,,,40132117,"[40130873,40131925,40132117,40132505,40132721]",37291093,"[37288557,37290921,37291093,37291265,37291437]",,,,,42,40,,,,,20,10000,789,20,
10000-high,10000,high,quarter,40000,initial,0,true,,878.5,,,,,89.29999999701977,40000,,,80,42,40,20,1021,20,,,,,,,,,,,,,,,,,,,1121.2999999970198,,,,10000,,,benchmark-task-2
10000-high,10000,high,quarter,40000,vertical,0,true,,,vertical,,,,,40000,,38.33,,,,,,,26,1200,,,46,25.05,42.4,,,,,,4,669,918,,,,,,38.33,,10000,,,
10000-high,10000,high,twenty-year,40000,horizontal,0,true,,,horizontal,,,,,40000,,60,,,,,,,0,1200,,,147,8.3,9.1,,,,,,3,543,738,,,,,,122.5,,10000,,,
10000-high,10000,high,quarter,40000,move,0,true,,,,,,750.1,,40000,,,,,,,,,,,,,,,,,,,,,,,,,,145.7,,142.1,,,10000,,,
10000-high,10000,high,quarter,40000,resize,0,true,,,,,,757,,40000,,,,,,,,,,,,,,,,,,,,,,,,,,210.9,,209.8,,,10000,,,
10000-high,10000,high,quarter,40000,dependency,0,true,benchmark-task-3,,,,,,,40000,,,,,,,,,,,,,,,,,,,,725,,,,,,,,,,,10000,,,
10000-high,10000,high,quarter,40000,hierarchy,0,true,,,,18.3,400,,,40000,,,,,,,,,,,55.6,10000,,,,,,,,,,,,,,,,,,,10000,,,
10000-high,10000,high,quarter,40000,memory-dom,0,true,,,,,,,,40000,0,,,,,,,,,,,,,,,51643583,"[51642339,51643391,51643583,51643971,51644187]",47349241,"[47346705,47349069,47349241,47349413,47349585]",,,,,42,40,,,,,20,10000,789,20,
10000-high,10000,high,quarter,40000,initial,1,false,,905.8000000044703,,,,,90.89999999850988,40000,,,80,42,40,20,1021,20,,,,,,,,,,,,,,,,,,,1155.4000000059605,,,,10000,,,benchmark-task-2
10000-high,10000,high,quarter,40000,vertical,1,false,,,vertical,,,,,40000,,35.83,,,,,,,22,1200,,,43,25.1,42.6,,,,,,4,703,958,,,,,,35.83,,10000,,,
10000-high,10000,high,twenty-year,40000,horizontal,1,false,,,horizontal,,,,,40000,,60,,,,,,,0,1200,,,145,8.3,9,,,,,,5,584,910,,,,,,120.83,,10000,,,
10000-high,10000,high,quarter,40000,move,1,false,,,,,,858.7,,40000,,,,,,,,,,,,,,,,,,,,,,,,,,194.8,,187.7,,,10000,,,
10000-high,10000,high,quarter,40000,resize,1,false,,,,,,779.6,,40000,,,,,,,,,,,,,,,,,,,,,,,,,,196.2,,194.3,,,10000,,,
10000-high,10000,high,quarter,40000,dependency,1,false,benchmark-task-3,,,,,,,40000,,,,,,,,,,,,,,,,,,,,822.5,,,,,,,,,,,10000,,,
10000-high,10000,high,quarter,40000,hierarchy,1,false,,,,20.9,400,,,40000,,,,,,,,,,,63,10000,,,,,,,,,,,,,,,,,,,10000,,,
10000-high,10000,high,quarter,40000,memory-dom,1,false,,,,,,,,40000,0,,,,,,,,,,,,,,,51612027,"[51610783,51611835,51612027,51612415,51612631]",47336241,"[47333705,47336069,47336241,47336413,47336585]",,,,,42,40,,,,,20,10000,789,20,
10000-high,10000,high,quarter,40000,initial,2,false,,892.2000000029802,,,,,89.5,40000,,,80,42,40,20,1021,20,,,,,,,,,,,,,,,,,,,1144.7000000029802,,,,10000,,,benchmark-task-2
10000-high,10000,high,quarter,40000,vertical,2,false,,,vertical,,,,,40000,,37.5,,,,,,,28,1200,,,45,25,42.5,,,,,,3,688,888,,,,,,37.5,,10000,,,
10000-high,10000,high,twenty-year,40000,horizontal,2,false,,,horizontal,,,,,40000,,60,,,,,,,0,1200,,,146,8.3,8.9,,,,,,4,561,806,,,,,,121.67,,10000,,,
10000-high,10000,high,quarter,40000,move,2,false,,,,,,770.1,,40000,,,,,,,,,,,,,,,,,,,,,,,,,,166.6,,162.9,,,10000,,,
10000-high,10000,high,quarter,40000,resize,2,false,,,,,,719.2,,40000,,,,,,,,,,,,,,,,,,,,,,,,,,206,,204.5,,,10000,,,
10000-high,10000,high,quarter,40000,dependency,2,false,benchmark-task-3,,,,,,,40000,,,,,,,,,,,,,,,,,,,,676.5,,,,,,,,,,,10000,,,
10000-high,10000,high,quarter,40000,hierarchy,2,false,,,,22.1,400,,,40000,,,,,,,,,,,60.3,10000,,,,,,,,,,,,,,,,,,,10000,,,
10000-high,10000,high,quarter,40000,memory-dom,2,false,,,,,,,,40000,0,,,,,,,,,,,,,,,51674331,"[51673087,51674139,51674331,51674719,51674935]",47358341,"[47355805,47358169,47358341,47358513,47358685]",,,,,42,40,,,,,20,10000,789,20,
10000-high,10000,high,quarter,40000,initial,3,false,,873.2000000029802,,,,,88.60000000149012,40000,,,80,42,40,20,1021,20,,,,,,,,,,,,,,,,,,,1122.7999999970198,,,,10000,,,benchmark-task-2
10000-high,10000,high,quarter,40000,vertical,3,false,,,vertical,,,,,40000,,37.5,,,,,,,28,1200,,,45,25.1,41.9,,,,,,4,722,972,,,,,,37.5,,10000,,,
10000-high,10000,high,twenty-year,40000,horizontal,3,false,,,horizontal,,,,,40000,,60,,,,,,,0,1200,,,146,8.3,8.9,,,,,,4,543,797,,,,,,121.67,,10000,,,
10000-high,10000,high,quarter,40000,move,3,false,,,,,,761.1,,40000,,,,,,,,,,,,,,,,,,,,,,,,,,168.2,,164.1,,,10000,,,
10000-high,10000,high,quarter,40000,resize,3,false,,,,,,735.8,,40000,,,,,,,,,,,,,,,,,,,,,,,,,,199.2,,197.3,,,10000,,,
10000-high,10000,high,quarter,40000,dependency,3,false,benchmark-task-3,,,,,,,40000,,,,,,,,,,,,,,,,,,,,689.2,,,,,,,,,,,10000,,,
10000-high,10000,high,quarter,40000,hierarchy,3,false,,,,18.6,400,,,40000,,,,,,,,,,,57.1,10000,,,,,,,,,,,,,,,,,,,10000,,,
10000-high,10000,high,quarter,40000,memory-dom,3,false,,,,,,,,40000,0,,,,,,,,,,,,,,,51666349,"[51665105,51666157,51666349,51666737,51666953]",47345529,"[47342993,47345357,47345529,47345701,47345873]",,,,,42,40,,,,,20,10000,789,20,
10000-high,10000,high,quarter,40000,initial,4,false,,891.6000000014901,,,,,89.30000000447035,40000,,,80,42,40,20,1021,20,,,,,,,,,,,,,,,,,,,1138.8999999985099,,,,10000,,,benchmark-task-2
10000-high,10000,high,quarter,40000,vertical,4,false,,,vertical,,,,,40000,,36.67,,,,,,,27,1200,,,44,24.95,42.4,,,,,,4,672,926,,,,,,36.67,,10000,,,
10000-high,10000,high,twenty-year,40000,horizontal,4,false,,,horizontal,,,,,40000,,60,,,,,,,0,1200,,,146,8.3,9.1,,,,,,3,547,744,,,,,,121.67,,10000,,,
10000-high,10000,high,quarter,40000,move,4,false,,,,,,753.1,,40000,,,,,,,,,,,,,,,,,,,,,,,,,,157.9,,154.3,,,10000,,,
10000-high,10000,high,quarter,40000,resize,4,false,,,,,,734.6,,40000,,,,,,,,,,,,,,,,,,,,,,,,,,191.7,,190.2,,,10000,,,
10000-high,10000,high,quarter,40000,dependency,4,false,benchmark-task-3,,,,,,,40000,,,,,,,,,,,,,,,,,,,,660.8,,,,,,,,,,,10000,,,
10000-high,10000,high,quarter,40000,hierarchy,4,false,,,,18.6,400,,,40000,,,,,,,,,,,55.7,10000,,,,,,,,,,,,,,,,,,,10000,,,
10000-high,10000,high,quarter,40000,memory-dom,4,false,,,,,,,,40000,0,,,,,,,,,,,,,,,51621650,"[51620406,51621458,51621650,51622038,51622254]",47352101,"[47349565,47351929,47352101,47352273,47352445]",,,,,42,40,,,,,20,10000,789,20,
10000-high,10000,high,quarter,40000,initial,5,false,,893,,,,,93.19999999552965,40000,,,80,42,40,20,1021,20,,,,,,,,,,,,,,,,,,,1152.6999999955297,,,,10000,,,benchmark-task-2
10000-high,10000,high,quarter,40000,vertical,5,false,,,vertical,,,,,40000,,37.5,,,,,,,31,1200,,,45,25.9,49.3,,,,,,4,678,926,,,,,,37.5,,10000,,,
10000-high,10000,high,twenty-year,40000,horizontal,5,false,,,horizontal,,,,,40000,,60,,,,,,,0,1200,,,146,8.3,9.1,,,,,,3,549,745,,,,,,121.67,,10000,,,
10000-high,10000,high,quarter,40000,move,5,false,,,,,,754.7,,40000,,,,,,,,,,,,,,,,,,,,,,,,,,156.4,,152.7,,,10000,,,
10000-high,10000,high,quarter,40000,resize,5,false,,,,,,743.7,,40000,,,,,,,,,,,,,,,,,,,,,,,,,,181.8,,180.5,,,10000,,,
10000-high,10000,high,quarter,40000,dependency,5,false,benchmark-task-3,,,,,,,40000,,,,,,,,,,,,,,,,,,,,685.8,,,,,,,,,,,10000,,,
10000-high,10000,high,quarter,40000,hierarchy,5,false,,,,20.4,400,,,40000,,,,,,,,,,,56.4,10000,,,,,,,,,,,,,,,,,,,10000,,,
10000-high,10000,high,quarter,40000,memory-dom,5,false,,,,,,,,40000,0,,,,,,,,,,,,,,,51632728,"[51631484,51632536,51632728,51633116,51633332]",47350433,"[47347897,47350261,47350433,47350605,47350777]",,,,,42,40,,,,,20,10000,789,20,
